date,open,high,low,close,volume
2013-04-28,128.0001,128.0001,128.0001,128.0001,0.0
2013-04-29,134.4444,135.98,132.1,134.21,0.0
2013-04-30,134.444,147.488,134.0,144.54,0.0
2013-05-01,144.0,146.93,134.05,139.0,0.0
2013-05-02,139.0,139.89,107.72,116.99,0.0
2013-05-03,116.38,125.6,92.2819,105.21,0.0
2013-05-04,106.25,108.128,79.1,97.75,0.0
2013-05-05,98.1,115.0,92.5,112.5,0.0
2013-05-06,112.9,118.8,107.143,115.91,0.0
2013-05-07,115.98,124.663,106.64,112.3,0.0
2013-05-08,112.25,113.444,97.7,111.5,0.0
2013-05-09,109.6,115.78,109.6,113.566,0.0
2013-05-10,113.2,113.46,109.26,112.67,0.0
2013-05-11,112.799,122.0,111.551,117.2,0.0
2013-05-12,117.7,118.679,113.01,115.243,0.0
2013-05-13,115.64,117.449,113.435,115.0,0.0
2013-05-14,114.82,118.699,114.5,117.98,0.0
2013-05-15,117.98,119.8,110.25,111.5,0.0
2013-05-16,111.4,115.81,103.5,114.22,0.0
2013-05-17,114.22,118.76,112.2,118.76,0.0
2013-05-18,118.21,125.3,116.571,123.015,0.0
2013-05-19,123.5,125.25,122.3,123.498,0.0
2013-05-20,123.211,124.5,119.571,121.99,0.0
2013-05-21,122.5,123.621,120.12,122.0,0.0
2013-05-22,122.02,123.0,121.21,122.88,0.0
2013-05-23,122.89,124.001,122.0,123.889,0.0
2013-05-24,123.8,126.934,123.1,126.7,0.0
2013-05-25,126.3,133.85,125.719,133.2,0.0
2013-05-26,133.1,133.219,128.9,131.98,0.0
2013-05-27,131.986,136.0,130.615,133.48,0.0
2013-05-28,133.5,135.465,124.7,129.745,0.0
2013-05-29,129.77,130.58,125.6,129.0,0.0
2013-05-30,129.0,132.59,127.662,132.3,0.0
2013-05-31,132.25,132.25,127.0,128.799,0.0
2013-06-01,128.799,129.9,126.4,129.0,0.0
2013-06-02,128.815,129.78,127.199,129.3,0.0
2013-06-03,129.3,129.4,115.05,122.292,0.0
2013-06-04,122.5,122.5,116.0,122.222,0.0
2013-06-05,120.737,123.84,119.1,121.42,0.0
2013-06-06,121.4,123.469,119.899,121.65,0.0
2013-06-07,121.9,123.1,117.25,118.0,0.0
2013-06-08,118.97,119.0,106.42,111.5,0.0
2013-06-09,111.0,111.415,107.3,108.3,0.0
2013-06-10,107.892,108.99,88.5,100.0,0.0
2013-06-11,100.437,110.101,95.002,106.35,0.0
2013-06-12,106.35,109.6,104.0,108.9,0.0
2013-06-13,109.0,111.787,106.734,108.15,0.0
2013-06-14,108.776,110.3,100.53,104.0,0.0
2013-06-15,103.949,104.7,98.0,99.9789,0.0
2013-06-16,100.0,103.7,98.0,99.9881,0.0
2013-06-17,99.8,101.6,98.9466,99.51,0.0
2013-06-18,99.9,102.21,99.0,101.7,0.0
2013-06-19,101.95,111.111,101.033,107.4,0.0
2013-06-20,107.05,110.225,105.755,108.25,0.0
2013-06-21,108.251,114.3,107.5,110.15,0.0
2013-06-22,111.29,114.99,107.685,109.5,0.0
2013-06-23,109.5,109.956,107.514,108.3,0.0
2013-06-24,108.2,108.8,106.234,107.6,0.0
2013-06-25,107.9,108.334,100.98,102.737,0.0
2013-06-26,102.09,106.47,101.01,103.95,0.0
2013-06-27,103.329,105.489,102.792,104.0,0.0
2013-06-28,104.0,104.0,101.1,101.437,0.0
2013-06-29,101.737,101.737,92.333,94.6492,0.0
2013-06-30,94.66,99.99,93.0,94.994,0.0
2013-07-01,94.999,98.1223,94.2223,96.614,0.0
2013-07-02,97.51,97.6649,86.2972,88.05,0.0
2013-07-03,88.05,92.3,87.51,90.134,0.0
2013-07-04,90.405,90.9812,76.9792,77.53,0.0
2013-07-05,78.89,83.105,72.0,80.5258,0.0
2013-07-06,79.99,80.0,65.526,68.431,0.0
2013-07-07,68.505,75.0,66.82,70.2773,0.0
2013-07-08,68.749,74.5611,66.62,74.5611,0.0
2013-07-09,76.5,80.0,72.6,76.516,0.0
2013-07-10,76.0,78.3,72.52,76.694,0.0
2013-07-11,76.72,87.0,76.2,86.76,0.0
2013-07-12,88.0,90.28,85.0799,88.98,0.0
2013-07-13,88.979,104.0,88.166,93.5949,0.0
2013-07-14,93.9899,98.25,88.0622,98.1339,0.0
2013-07-15,98.7,98.7,92.86,94.6913,0.0
2013-07-16,93.605,101.9,93.11,98.4002,0.0
2013-07-17,98.8903,99.8623,96.1416,97.4508,0.0
2013-07-18,96.71,99.97,96.18,98.5,0.0
2013-07-19,98.5,98.8,86.2,90.58,0.0
2013-07-20,90.0689,95.2001,87.8,92.17,0.0
2013-07-21,92.0,93.1,89.2711,89.3901,0.0
2013-07-22,89.8214,91.95,88.0,90.7573,0.0
2013-07-23,91.998,91.998,90.0754,91.61,0.0
2013-07-24,91.6,96.8193,91.6,95.5585,0.0
2013-07-25,95.5585,95.99,93.0,94.51,0.0
2013-07-26,94.505,97.33,93.8657,96.9,0.0
2013-07-27,96.95,97.4691,96.0,96.0202,0.0
2013-07-28,96.0201,96.995,93.0,94.116,0.0
2013-07-29,94.4,100.577,94.0,99.756,0.0
2013-07-30,98.6,102.5,98.455,101.2,0.0
2013-07-31,101.489,107.99,100.47,107.99,0.0
2013-08-01,107.95,111.344,103.88,106.09,0.0
2013-08-02,106.213,108.0,103.011,104.0,0.0
2013-08-03,104.856,108.0,101.211,104.501,0.0
2013-08-04,104.501,105.78,102.002,104.005,0.0
2013-08-05,104.95,105.95,103.523,105.144,0.0
2013-08-06,105.12,107.77,105.0,106.22,0.0
2013-08-07,106.72,107.382,105.557,106.75,0.0
2013-08-08,106.75,106.75,106.75,106.75,0.0
2013-08-09,106.75,106.75,101.26,103.0,0.0
2013-08-10,103.07,105.75,101.935,102.8,0.0
2013-08-11,102.8,103.9,102.41,103.0,0.0
2013-08-12,103.0,105.19,102.755,105.0,0.0
2013-08-13,105.0,108.0,103.5,106.636,0.0
2013-08-14,106.99,109.35,104.65,109.0,0.0
2013-08-15,109.555,114.995,108.001,112.562,0.0
2013-08-16,112.562,113.245,109.0,109.99,0.0
2013-08-17,109.995,112.3,108.517,108.994,0.0
2013-08-18,108.994,113.75,108.225,113.5,0.0
2013-08-19,112.75,114.688,112.0,113.5,0.0
2013-08-20,113.38,123.062,111.771,119.0,0.0
2013-08-21,119.0,123.011,117.508,121.205,0.0
2013-08-22,121.21,124.914,119.682,123.3,0.0
2013-08-23,123.3,123.5,120.6,121.15,0.0
2013-08-24,122.0,122.0,118.444,118.501,0.0
2013-08-25,118.51,121.39,118.02,120.045,0.0
2013-08-26,119.603,122.987,119.17,122.111,0.0
2013-08-27,122.111,122.755,119.93,120.056,0.0
2013-08-28,120.07,127.24,120.07,126.5,0.0
2013-08-29,126.48,127.32,122.62,122.62,0.0
2013-08-30,122.62,123.7,122.21,122.39,0.0
2013-08-31,122.35,135.75,120.99,133.49,0.0
2013-09-01,133.09,140.89,132.72,135.35,0.0
2013-09-02,135.14,145.81,134.81,138.34,0.0
2013-09-03,138.63,146.5,134.89,135.85,0.0
2013-09-04,135.61,138.34,133.0,136.77,0.0
2013-09-05,136.53,144.5,123.61,126.74,0.0
2013-09-06,126.76,131.44,121.83,126.43,0.0
2013-09-07,126.49,127.34,119.15,119.15,0.0
2013-09-08,118.89,125.94,118.46,124.15,0.0
2013-09-09,124.13,124.72,120.49,121.66,0.0
2013-09-10,121.86,129.06,119.75,127.11,0.0
2013-09-11,127.27,129.74,125.9,125.91,0.0
2013-09-12,125.89,137.83,123.27,135.25,0.0
2013-09-13,135.55,136.08,131.81,133.13,0.0
2013-09-14,132.83,137.58,132.27,134.98,0.0
2013-09-15,135.01,135.85,128.87,129.22,0.0
2013-09-16,129.4,131.44,128.26,130.37,0.0
2013-09-17,130.86,132.72,129.77,131.72,0.0
2013-09-18,131.59,132.76,124.89,131.66,0.0
2013-09-19,131.71,133.2,130.54,131.47,0.0
2013-09-20,131.37,131.77,128.45,129.65,0.0
2013-09-21,129.7,135.62,126.68,127.04,0.0
2013-09-22,126.95,128.61,126.24,127.43,0.0
2013-09-23,127.87,133.94,126.59,129.12,0.0
2013-09-24,128.98,132.725,125.66,125.95,0.0
2013-09-25,126.05,127.46,125.39,127.25,0.0
2013-09-26,127.38,129.69,127.33,128.22,0.0
2013-09-27,128.21,134.934,127.32,128.38,0.0
2013-09-28,128.94,134.74,128.49,133.78,0.0
2013-09-29,133.77,135.63,132.56,134.78,0.0
2013-09-30,134.9,140.61,134.71,137.34,0.0
2013-10-01,137.15,138.35,130.27,133.0,0.0
2013-10-02,132.68,134.63,131.55,132.18,0.0
2013-10-03,132.05,133.59,102.25,114.13,0.0
2013-10-04,114.45,123.63,111.82,123.63,0.0
2013-10-05,123.41,130.09,123.41,129.01,0.0
2013-10-06,128.63,130.44,128.03,128.55,0.0
2013-10-07,128.36,129.66,126.15,129.0,0.0
2013-10-08,129.43,130.27,126.36,126.94,0.0
2013-10-09,126.74,127.47,124.71,126.0,0.0
2013-10-10,125.85,131.75,125.58,130.69,0.0
2013-10-11,130.67,131.5,129.26,130.59,0.0
2013-10-12,130.75,131.81,129.64,130.9,0.0
2013-10-13,130.9,135.66,130.56,135.19,0.0
2013-10-14,135.19,138.66,134.55,138.13,0.0
2013-10-15,139.27,144.12,138.9,140.52,0.0
2013-10-16,140.77,145.39,139.13,145.24,0.0
2013-10-17,145.65,152.23,142.43,142.55,0.0
2013-10-18,142.41,147.42,142.41,146.25,0.0
2013-10-19,146.37,155.96,145.57,155.96,0.0
2013-10-20,155.91,177.48,155.7,172.42,0.0
2013-10-21,171.66,174.91,168.95,174.61,0.0
2013-10-22,174.8,184.82,174.8,182.21,0.0
2013-10-23,182.65,196.27,182.65,193.76,0.0
2013-10-24,193.36,213.62,192.38,213.62,0.0
2013-10-25,214.3,217.42,168.52,198.23,0.0
2013-10-26,197.69,198.87,168.5,186.69,0.0
2013-10-27,187.45,188.41,175.75,177.32,0.0
2013-10-28,176.6,196.44,176.6,196.44,0.0
2013-10-29,196.21,198.62,192.06,198.55,0.0
2013-10-30,198.55,204.79,198.55,204.39,0.0
2013-10-31,204.39,209.16,199.97,199.97,0.0
2013-11-01,199.83,205.18,198.85,204.0,0.0
2013-11-02,203.9,206.65,202.13,206.18,0.0
2013-11-03,205.81,207.76,201.65,206.22,0.0
2013-11-04,205.99,215.05,203.99,215.05,0.0
2013-11-05,214.66,231.01,213.94,229.1,0.0
2013-11-06,229.21,250.66,226.22,245.24,0.0
2013-11-07,244.78,263.0,244.78,262.5,0.0
2013-11-08,261.68,304.17,261.55,296.41,0.0
2013-11-09,297.85,338.66,296.93,338.11,0.0
2013-11-10,338.58,370.82,319.71,339.11,0.0
2013-11-11,348.82,350.7,277.24,326.62,0.0
2013-11-12,325.41,351.27,311.78,342.44,0.0
2013-11-13,343.06,362.81,342.8,360.33,0.0
2013-11-14,360.97,414.05,359.8,407.37,0.0
2013-11-15,406.41,425.9,395.19,420.2,0.0
2013-11-16,419.41,437.89,396.11,417.95,0.0
2013-11-17,417.28,450.26,415.57,440.22,0.0
2013-11-18,440.96,500.58,440.24,492.11,0.0
2013-11-19,496.58,703.78,494.94,703.56,0.0
2013-11-20,712.76,806.11,456.39,584.61,0.0
2013-11-21,577.98,599.65,448.45,590.83,0.0
2013-11-22,594.32,733.4,577.29,722.43,0.0
2013-11-23,724.07,780.85,668.13,771.44,0.0
2013-11-24,771.7,844.97,771.7,797.82,0.0
2013-11-25,795.63,807.36,722.87,774.25,0.0
2013-11-26,773.02,810.68,754.43,799.11,0.0
2013-11-27,805.73,928.54,800.8,928.1,0.0
2013-11-28,923.85,1001.96,891.68,1001.96,0.0
2013-11-29,1003.38,1077.56,962.17,1031.95,0.0
2013-11-30,1042.01,1146.97,1000.64,1131.97,0.0
2013-12-01,1129.37,1156.14,1106.61,1129.43,0.0
2013-12-02,1128.92,1133.08,801.82,955.85,0.0
2013-12-03,951.42,1055.42,938.41,1043.33,0.0
2013-12-04,1046.4,1096.0,1011.21,1078.28,0.0
2013-12-05,1077.58,1156.12,1070.16,1151.17,0.0
2013-12-06,1152.73,1154.36,897.11,1045.11,0.0
2013-12-07,1042.38,1042.38,829.45,829.45,0.0
2013-12-08,835.32,854.64,640.22,698.23,0.0
2013-12-09,697.31,802.51,670.88,795.87,0.0
2013-12-10,793.8,921.93,780.9,893.19,0.0
2013-12-11,892.32,997.23,892.32,988.51,0.0
2013-12-12,989.07,1001.58,834.23,878.48,0.0
2013-12-13,882.78,901.94,844.95,873.26,0.0
2013-12-14,874.98,941.79,860.05,892.58,0.0
2013-12-15,899.85,904.65,858.36,872.6,0.0
2013-12-16,875.29,886.16,825.0,876.12,0.0
2013-12-17,880.33,882.25,668.25,705.97,0.0
2013-12-18,706.37,754.83,630.88,682.12,0.0
2013-12-19,678.2,679.32,420.51,522.7,0.0
2013-12-20,519.06,707.23,502.89,691.96,0.0
2013-12-21,694.22,729.16,595.33,625.32,0.0
2013-12-22,619.9,654.27,579.17,605.66,0.0
2013-12-23,601.78,666.74,585.64,617.18,0.0
2013-12-24,613.06,680.91,611.04,673.41,0.0
2013-12-25,672.36,684.39,645.71,665.58,0.0
2013-12-26,666.31,682.7,649.48,682.21,0.0
2013-12-27,683.94,777.75,683.94,761.98,0.0
2013-12-28,763.28,777.51,713.6,735.07,59574817.55319149
2013-12-29,737.98,747.06,705.35,727.83,37162283.62369338
2013-12-30,728.05,748.61,714.44,745.05,25224720.71428572
2013-12-31,741.35,766.6,740.24,756.13,22761578.13620072
2014-01-01,760.32,760.58,738.17,754.01,20363961.111111112
2014-01-02,754.97,775.35,754.97,771.4,23031290.94076655
2014-01-03,773.44,820.31,767.21,802.39,20763855.55555556
2014-01-04,802.85,834.15,789.12,818.72,46741909.375
2014-01-05,823.27,859.51,801.67,859.51,34606387.152777776
2014-01-06,858.55,952.4,854.52,933.53,51393924.73867596
2014-01-07,936.05,1017.12,905.71,953.29,84229008.47457626
2014-01-08,946.49,965.74,802.0,802.0,75583107.91366906
2014-01-09,795.99,870.68,776.18,842.72,97216106.94444443
2014-01-10,841.47,864.36,804.14,846.86,51776518.46689896
2014-01-11,846.69,871.19,822.6,868.48,48399306.94444445
2014-01-12,867.32,921.48,861.72,913.95,43122722.56944445
2014-01-13,919.6,928.52,851.17,863.22,40845699.65156794
2014-01-14,860.19,861.29,806.05,841.2,39904186.11111111
2014-01-15,843.17,855.69,825.66,833.27,35096684.375
2014-01-16,833.12,872.81,830.86,860.9,24818056.097560976
2014-01-17,860.29,866.16,835.63,835.63,21776485.09090909
2014-01-18,834.49,842.91,797.63,814.64,29055483.566433568
2014-01-19,816.07,841.49,816.07,840.0,30981729.8245614
2014-01-20,839.66,870.96,825.53,870.96,17158798.943661973
2014-01-21,871.39,886.39,853.87,870.2,31671418.75
2014-01-22,869.65,881.2,855.93,863.91,21153266.666666668
2014-01-23,867.21,870.15,837.36,845.59,17395185.51236749
2014-01-24,845.46,851.57,819.32,822.04,17008019.298245613
2014-01-25,822.43,822.43,783.58,797.07,30197343.05555556
2014-01-26,796.24,861.45,792.96,853.61,24353502.08333333
2014-01-27,853.68,897.02,844.86,885.28,27087593.728223
2014-01-28,884.6,893.0,757.11,771.39,32267905.55555556
2014-01-29,774.02,832.5,766.98,812.51,60975196.8641115
2014-01-30,809.96,836.87,809.85,826.0,29048583.50877193
2014-01-31,826.02,830.5,799.06,819.03,21338914.63414634
2014-02-01,818.43,831.87,812.6,829.92,26176925.0
2014-02-02,828.61,853.52,827.11,832.58,16480984.375
2014-02-03,832.9,844.72,820.67,825.37,16498140.766550522
2014-02-04,824.08,826.48,807.22,823.83,12804520.459363958
2014-02-05,823.77,840.17,820.94,827.96,16221290.52631579
2014-02-06,829.96,837.32,811.91,811.91,15026073.519163763
2014-02-07,815.59,819.81,770.59,781.55,47502459.58188153
2014-02-08,783.2,783.2,654.35,712.4,87334584.02777778
2014-02-09,699.57,721.82,661.87,673.92,66004233.68055555
2014-02-10,671.46,712.27,655.25,682.9,39341435.0877193
2014-02-11,681.32,703.71,550.5,681.03,76829848.95833333
2014-02-12,683.5,712.46,636.66,672.17,86329650.87719299
2014-02-13,672.38,672.9,643.04,651.72,59332233.48017621
2014-02-14,651.08,657.99,601.91,605.24,23001732.75261324
2014-02-15,601.17,691.72,541.04,661.99,83605031.70731707
2014-02-16,660.9,661.84,632.84,650.92,59722314.23611111
2014-02-17,651.3,665.1,584.17,616.63,26895555.400696862
2014-02-18,614.23,656.95,607.31,626.27,42927346.503496505
2014-02-19,627.16,645.76,612.54,626.6,25615585.96491228
2014-02-20,625.97,631.77,618.7,623.03,15284668.197879858
2014-02-21,623.09,627.73,556.14,556.14,29843161.26760564
2014-02-22,556.88,582.96,530.47,574.16,55196455.28169014
2014-02-23,574.24,614.48,558.58,605.42,28979581.533101045
2014-02-24,606.47,639.91,599.7,605.82,35687902.09059233
2014-02-25,606.04,607.61,538.7,546.32,47587242.456140354
2014-02-26,540.24,541.38,420.41,538.71,98908728.5198556
2014-02-27,537.04,603.8,532.58,582.69,88164242.95774648
2014-02-28,581.65,594.05,566.62,578.77,43455990.87719298
2014-03-01,579.7,584.14,545.17,549.26,23830455.0877193
2014-03-02,549.92,573.38,539.29,565.61,27497411.45833333
2014-03-03,567.23,570.48,553.27,559.79,10561847.263157897
2014-03-04,562.56,702.91,560.52,667.76,40165800.94545455
2014-03-05,668.24,696.22,655.68,666.78,85672067.42424242
2014-03-06,666.24,674.28,646.28,665.51,37862335.35714286
2014-03-07,664.52,669.77,649.79,663.86,18503728.62190813
2014-03-08,664.31,665.34,616.35,629.15,22641439.08450704
2014-03-09,629.66,635.14,604.46,617.45,28762910.416666668
2014-03-10,616.31,643.95,612.35,636.96,15915538.111888113
2014-03-11,636.33,644.76,615.02,627.79,18088327.08333333
2014-03-12,627.95,638.42,618.84,634.11,15204582.43902439
2014-03-13,631.91,648.03,629.51,632.1,18940549.30555556
2014-03-14,633.62,644.2,630.85,638.14,12905969.58041958
2014-03-15,638.14,639.53,627.21,628.8,12083537.142857144
2014-03-16,629.37,639.14,627.3,636.12,8524813.263888888
2014-03-17,636.5,637.52,628.11,631.11,4539644.912891986
2014-03-18,630.92,632.68,616.855,622.373,10534403.776223777
2014-03-19,621.838,622.391,603.796,614.832,19978577.43055556
2014-03-20,613.896,622.0,609.096,609.888,19580376.783216786
2014-03-21,609.745,609.745,587.493,588.77,16687415.679442508
2014-03-22,588.294,604.592,561.813,571.49,29695169.444444444
2014-03-23,571.18,572.548,554.391,565.04,27472762.152777776
2014-03-24,565.764,570.238,560.878,561.272,13137691.49825784
2014-03-25,562.507,586.562,551.772,583.412,14198842.0979021
2014-03-26,585.026,585.438,572.605,583.917,20424957.013888888
2014-03-27,583.482,590.028,570.963,580.827,15706614.427860696
2014-03-28,580.257,580.56,471.239,471.239,35475810.37037037
2014-03-29,477.143,526.023,473.234,495.666,75398755.06072874
2014-03-30,501.713,504.859,489.734,491.172,24921434.939271256
2014-03-31,492.372,492.372,444.179,460.273,25007250.37313433
2014-04-01,462.299,483.022,443.365,457.001,46448404.87804878
2014-04-02,457.0,495.343,457.0,478.375,30041358.156028368
2014-04-03,479.137,495.045,431.269,437.14,33959281.81818182
2014-04-04,436.444,449.565,414.89,444.718,53592427.11267605
2014-04-05,445.664,454.652,429.091,447.526,30892161.324041814
2014-04-06,446.675,463.571,444.197,461.907,17020784.375
2014-04-07,463.397,466.319,452.97,460.499,11486721.527777778
2014-04-08,461.474,462.564,445.122,449.423,12078620.731707318
2014-04-09,447.613,457.424,446.114,453.086,14037298.021201411
2014-04-10,453.177,455.728,441.933,442.725,11066679.895470385
2014-04-11,442.256,443.366,358.732,365.176,32636740.277777776
2014-04-12,363.71,429.767,351.816,420.947,73670357.14285715
2014-04-13,420.889,439.606,415.789,421.116,34810648.958333336
2014-04-14,421.461,427.398,395.254,414.063,15528146.180555556
2014-04-15,414.828,469.751,407.373,458.787,41624579.298245616
2014-04-16,458.373,518.996,453.543,515.586,48152451.84397163
2014-04-17,522.185,542.378,502.781,527.395,54356754.16725979
2014-04-18,529.067,533.517,484.874,495.963,44005150.6993007
2014-04-19,495.798,498.601,472.741,479.645,24792255.74912892
2014-04-20,479.582,503.555,470.561,501.565,20064121.875
2014-04-21,501.751,510.871,490.84,498.168,15292310.069444444
2014-04-22,497.739,510.568,493.201,495.773,14247268.531468531
2014-04-23,495.455,503.222,487.58,487.924,12763944.097222222
2014-04-24,488.359,493.249,485.817,491.303,10862710.462633451
2014-04-25,490.825,500.465,482.952,500.465,10362477.102473496
2014-04-26,500.087,500.299,442.951,461.449,34614370.56737588
2014-04-27,461.705,464.543,449.103,458.601,26293487.719298247
2014-04-28,457.242,459.33,436.39,436.39,8859810.883392226
2014-04-29,430.716,447.534,422.942,440.285,20057905.21276596
2014-04-30,439.983,451.636,435.181,447.209,17729711.637931034
2014-05-01,446.89,451.099,436.699,447.645,16192266.0
2014-05-02,447.633,460.614,447.633,457.76,13583543.75
2014-05-03,457.364,457.929,443.403,449.377,12035047.804878049
2014-05-04,449.403,449.403,430.682,437.762,9093119.548611112
2014-05-05,438.517,439.769,430.054,436.403,8485122.847222222
2014-05-06,434.782,440.974,427.617,433.482,8424945.400696864
2014-05-07,433.364,448.038,423.251,428.962,11729299.475
2014-05-08,429.341,446.128,428.451,438.821,13112136.875
2014-05-09,438.679,448.399,438.143,440.169,14989552.100358425
2014-05-10,440.178,452.692,440.143,449.461,9228733.93728223
2014-05-11,450.456,455.771,448.468,454.433,9006769.583333334
2014-05-12,453.92,455.339,433.401,438.886,8734502.708333334
2014-05-13,438.303,442.26,434.231,441.462,10811231.533101045
2014-05-14,441.531,441.976,436.967,440.671,7292215.0
2014-05-15,440.592,446.659,440.503,443.972,8088830.55944056
2014-05-16,444.136,449.799,443.63,447.252,9029015.416666666
2014-05-17,447.386,450.661,444.964,448.058,6755427.108013937
2014-05-18,448.117,451.98,447.301,448.903,4925623.611111111
2014-05-19,448.701,449.767,444.784,446.264,2688736.145833333
2014-05-20,446.076,447.555,443.1,446.181,4480137.108013937
2014-05-21,446.305,491.444,446.007,485.724,20856204.756944444
2014-05-22,485.8,494.369,483.489,491.77,31202923.50526316
2014-05-23,492.049,525.356,490.191,524.579,23426467.013888888
2014-05-24,525.715,541.956,520.076,520.222,34918169.33797909
2014-05-25,521.051,525.17,516.281,525.138,17908664.925373133
2014-05-26,525.228,576.478,525.228,571.588,32500836.45833333
2014-05-27,571.393,588.389,565.332,583.424,39562935.48387097
2014-05-28,582.588,589.517,554.434,571.244,30472731.70731708
2014-05-29,571.915,578.624,564.087,577.062,28220059.375
2014-05-30,576.33,577.096,561.596,568.18,19295990.1754386
2014-05-31,568.177,618.458,568.157,615.325,23539243.554006968
2014-06-01,615.687,624.715,604.471,623.677,25926495.83333333
2014-06-02,623.693,671.513,619.906,630.229,26833079.166666668
2014-06-03,629.645,665.498,618.745,660.618,47542278.81944445
2014-06-04,660.55,674.111,650.784,667.605,51154677.35191637
2014-06-05,666.774,668.563,624.089,641.614,48829172.75985664
2014-06-06,641.072,663.526,640.09,659.258,26252926.388888888
2014-06-07,659.283,661.366,652.304,653.702,24951745.644599304
2014-06-08,653.522,656.944,644.907,654.969,19712907.638888888
2014-06-09,654.994,658.884,653.47,656.14,9944768.993055556
2014-06-10,655.64,657.703,644.393,649.159,14119338.506944444
2014-06-11,650.042,659.615,646.564,653.15,18814451.56794425
2014-06-12,653.188,657.04,632.547,633.02,20541078.13620072
2014-06-13,633.428,638.109,573.272,586.952,26366485.069444444
2014-06-14,585.696,615.137,585.696,600.163,59071984.66898955
2014-06-15,600.746,601.27,549.821,577.358,30027775.0
2014-06-16,575.928,592.937,554.891,592.937,32105776.736111112
2014-06-17,592.649,608.72,587.068,592.188,31443928.472222224
2014-06-18,591.586,610.889,590.4,610.864,19789391.289198607
2014-06-19,609.767,615.881,604.396,607.958,21002427.08333333
2014-06-20,608.07,612.241,597.018,598.071,13677202.777777778
2014-06-21,597.402,599.754,587.756,594.146,17446822.299651567
2014-06-22,593.678,599.462,587.737,594.992,13184339.722222222
2014-06-23,595.904,605.997,594.627,602.273,11280778.541666666
2014-06-24,602.161,603.212,586.343,593.984,11415530.145454545
2014-06-25,593.97,596.971,582.357,582.357,12568735.335689044
2014-06-26,581.809,583.599,565.625,566.336,17670253.19148936
2014-06-27,566.137,581.629,564.731,581.137,17796393.96226415
2014-06-28,581.297,600.124,579.885,597.261,15871705.992509363
2014-06-29,599.077,604.473,595.918,596.549,18269280.662983425
2014-06-30,596.332,604.076,596.162,602.715,9786132.91044776
2014-07-01,602.62,645.155,599.883,639.797,26740321.006944444
2014-07-02,641.391,657.858,640.107,640.806,45150228.515625
2014-07-03,641.037,656.678,638.339,650.879,31528134.36293436
2014-07-04,650.769,650.769,641.303,645.156,22696624.55357143
2014-07-05,644.646,648.433,629.403,630.692,19966155.450236965
2014-07-06,629.951,633.222,628.004,631.457,16796410.0
2014-07-07,631.772,638.653,631.16,635.807,10272828.23255814
2014-07-08,635.463,637.157,617.007,624.086,11588070.416666666
2014-07-09,622.57,626.695,620.907,624.818,15359606.119402984
2014-07-10,625.221,626.998,622.596,624.532,9481762.671480143
2014-07-11,624.509,626.116,612.346,616.838,12242666.354166666
2014-07-12,616.762,632.086,615.769,632.086,15621345.993031358
2014-07-13,632.003,636.658,626.982,634.278,16679989.930555556
2014-07-14,633.713,634.727,624.909,626.521,12198057.692307692
2014-07-15,626.497,627.342,617.322,619.875,11318627.87456446
2014-07-16,619.315,625.141,619.315,622.054,11434746.180555556
2014-07-17,621.586,623.092,615.325,616.934,12169039.520833334
2014-07-18,616.8,626.29,608.399,622.987,13167452.194444444
2014-07-19,623.089,629.213,620.472,629.213,15501255.052264808
2014-07-20,628.779,629.166,624.597,628.628,12494571.388888888
2014-07-21,628.515,628.559,622.775,623.994,6156051.041666667
2014-07-22,623.9,624.09,619.109,622.034,7644422.947368421
2014-07-23,622.211,624.298,620.957,621.413,10403722.743055556
2014-07-24,621.551,624.431,618.293,619.337,9578867.916666666
2014-07-25,619.415,620.429,595.566,601.243,16520255.902777778
2014-07-26,601.733,607.065,597.226,601.611,18322355.74912892
2014-07-27,601.089,602.088,593.964,595.985,11865350.0
2014-07-28,595.813,598.942,593.43,594.316,8913880.833333334
2014-07-29,593.852,594.573,575.185,585.76,14477090.945454543
2014-07-30,585.691,588.385,581.695,584.679,14844783.95522388
2014-07-31,584.725,585.122,564.896,566.849,11562696.493055556
2014-08-01,567.293,586.235,564.511,586.235,19949510.763888888
2014-08-02,586.235,597.922,583.634,594.908,20034622.85714286
2014-08-03,594.916,594.916,586.155,589.412,13558381.92982456
2014-08-04,589.333,589.333,581.65,585.625,8254428.784722222
2014-08-05,586.666,591.946,583.74,588.716,8283256.515679442
2014-08-06,588.782,589.865,584.102,585.166,11226674.722222222
2014-08-07,585.436,587.486,583.098,584.63,9972679.0625
2014-08-08,584.653,591.104,584.052,588.785,10585161.770833334
2014-08-09,588.869,598.116,588.791,592.619,13124577.351916377
2014-08-10,592.577,592.577,587.633,589.262,9176716.736111112
2014-08-11,589.372,594.46,587.942,591.01,7071456.527777778
2014-08-12,591.061,591.507,574.051,576.602,9380006.829268292
2014-08-13,576.368,576.948,566.595,569.592,17303184.375
2014-08-14,569.642,573.033,532.667,546.08,18579486.80555556
2014-08-15,546.658,546.658,498.725,505.974,32626245.486111112
2014-08-16,505.974,518.179,487.926,497.245,28753135.88850174
2014-08-17,497.01,521.475,487.744,520.182,25650440.277777776
2014-08-18,519.708,520.19,483.626,492.633,23722638.888888888
2014-08-19,491.795,499.37,443.851,461.424,36541357.839721255
2014-08-20,461.46,485.71,455.539,483.471,46453523.26388889
2014-08-21,485.245,518.285,467.511,513.219,38464101.38888889
2014-08-22,511.98,531.9,510.449,517.153,57062250.69444445
2014-08-23,517.237,521.479,501.275,514.677,40525580.83623693
2014-08-24,514.043,514.299,492.114,498.418,30248240.277777776
2014-08-25,498.075,512.888,497.351,508.066,21906956.597222224
2014-08-26,508.286,508.286,499.233,502.646,18981944.25087108
2014-08-27,502.496,512.688,502.496,511.666,19927680.55555556
2014-08-28,511.57,520.709,510.922,510.922,23876633.68055556
2014-08-29,511.153,516.157,506.877,507.368,20974827.08333333
2014-08-30,507.815,511.695,503.817,508.572,18113964.80836237
2014-08-31,508.517,509.308,501.636,504.399,15672012.951388888
2014-09-01,504.249,504.879,474.814,477.332,27322152.673611112
2014-09-02,477.763,485.306,471.91,475.725,33147391.98606272
2014-09-03,474.879,482.988,472.324,477.51,21058876.223776225
2014-09-04,477.426,481.712,476.208,477.548,17011548.263888888
2014-09-05,477.586,493.928,477.086,490.113,17910862.847222224
2014-09-06,489.66,490.643,481.609,483.116,22846763.06620209
2014-09-07,483.342,488.595,482.998,485.021,12249630.902777778
2014-09-08,484.83,488.066,482.633,482.633,9342224.375
2014-09-09,482.278,489.834,468.79,474.789,20113001.48409894
2014-09-10,474.6,477.377,467.778,475.503,24663840.277777776
2014-09-11,475.26,487.468,475.145,478.795,23149584.375
2014-09-12,479.359,482.351,474.61,479.645,19749719.444444444
2014-09-13,479.749,479.749,473.009,477.593,16115760.278745644
2014-09-14,477.753,482.117,475.098,478.879,15561947.569444444
2014-09-15,479.002,479.853,476.119,477.745,13572706.25
2014-09-16,477.892,478.62,474.022,475.434,13833225.435540069
2014-09-17,475.371,475.642,465.128,465.955,17009657.986111112
2014-09-18,466.057,468.174,452.422,457.377,17847189.583333332
2014-09-19,457.334,457.334,413.104,424.23,23936310.452961672
2014-09-20,424.44,427.835,384.532,394.709,39624553.472222224
2014-09-21,394.796,423.296,389.883,409.558,39775479.51388889
2014-09-22,408.904,412.426,393.181,398.645,31167172.569444444
2014-09-23,398.821,406.916,397.13,402.188,24169071.77700349
2014-09-24,402.152,441.557,396.197,435.962,26936516.666666668
2014-09-25,435.791,436.112,421.132,422.795,44812945.614035085
2014-09-26,423.205,423.52,409.468,411.693,29322064.80836237
2014-09-27,411.574,414.938,400.009,403.95,22426422.916666668
2014-09-28,404.425,406.623,397.372,399.205,17930401.041666668
2014-09-29,399.52,401.017,374.332,377.06,16840409.027777776
2014-09-30,377.181,385.211,372.24,375.665,29670549.477351915
2014-10-01,375.467,390.977,373.443,387.137,31058240.625
2014-10-02,386.944,391.379,380.78,383.615,33676631.38297872
2014-10-03,383.988,385.497,372.946,375.081,20289558.02469136
2014-10-04,375.072,377.695,357.859,360.002,23849561.672473863
2014-10-05,359.512,364.487,325.886,328.892,38072701.45454545
2014-10-06,328.866,341.801,289.296,321.77,58695294.79166666
2014-10-07,320.51,345.134,302.56,329.387,94978103.1358885
2014-10-08,330.079,339.247,320.482,336.718,62903305.902777776
2014-10-09,336.187,354.364,327.188,353.45,46380585.06944445
2014-10-10,352.94,382.726,347.687,364.51,66680669.79166666
2014-10-11,365.026,375.067,352.963,360.576,71098449.47735192
2014-10-12,361.562,367.191,355.951,363.041,25966678.472222224
2014-10-13,362.299,379.433,356.144,379.171,11806811.180555556
2014-10-14,378.549,397.226,368.897,390.196,24115303.48432056
2014-10-15,390.414,411.698,390.414,401.361,42621492.708333336
2014-10-16,400.87,402.227,388.766,394.733,32094415.625
2014-10-17,394.773,398.807,373.07,382.834,22321544.599303138
2014-10-18,382.556,385.478,375.389,383.801,22801798.25783972
2014-10-19,383.758,395.158,378.971,391.556,12354684.027777778
2014-10-20,391.442,393.939,386.457,390.54,9262827.291666666
2014-10-21,389.546,390.084,378.252,382.479,12469332.61324042
2014-10-22,382.845,392.646,380.834,386.154,13485783.888888888
2014-10-23,386.475,388.576,382.249,383.194,13183125.0
2014-10-24,383.158,385.048,356.447,359.053,19095447.569444444
2014-10-25,358.417,364.345,353.305,358.478,23190216.72473868
2014-10-26,358.345,359.861,342.877,346.653,15502566.202090591
2014-10-27,347.271,359.221,343.931,354.681,15363360.763888888
2014-10-28,354.704,358.632,349.809,353.178,10943983.832752611
2014-10-29,352.989,359.984,352.679,357.389,10514858.888888888
2014-10-30,357.618,357.833,335.343,335.68,12228819.618055556
2014-10-31,335.591,350.913,335.072,344.883,19054229.861111112
2014-11-01,345.305,348.045,337.142,338.594,27295572.473867595
2014-11-02,338.321,340.529,321.055,324.768,13800348.398576511
2014-11-03,325.749,329.05,320.626,325.995,13668810.43478261
2014-11-04,325.892,334.002,325.481,327.495,11246628.1184669
2014-11-05,327.554,331.767,325.077,330.717,13205792.361111112
2014-11-06,330.492,343.369,330.492,339.687,19292615.625
2014-11-07,339.486,352.966,338.424,349.491,15877640.277777778
2014-11-08,349.29,352.732,341.776,342.479,23926555.05226481
2014-11-09,342.415,347.032,342.154,345.681,11810683.020833334
2014-11-10,345.488,363.626,344.255,363.013,13345628.333333334
2014-11-11,363.264,374.816,357.561,365.658,28670205.923344947
2014-11-12,366.924,371.31,363.735,367.783,24853500.0
2014-11-13,367.695,429.718,367.695,421.391,28690605.20833333
2014-11-14,423.561,457.093,401.123,418.364,58432514.23611111
2014-11-15,420.735,420.735,384.789,397.55,47299567.94425088
2014-11-16,397.818,405.528,371.008,377.436,20056711.45833333
2014-11-17,376.133,390.799,374.602,388.308,15507646.875
2014-11-18,387.882,410.199,377.502,387.72,24005005.57491289
2014-11-19,387.408,392.402,371.117,375.005,38566355.902777776
2014-11-20,375.198,386.481,373.896,380.643,25768545.486111112
2014-11-21,380.555,382.025,356.781,357.799,21736320.83333333
2014-11-22,357.84,357.879,344.112,351.329,30239142.5087108
2014-11-23,350.848,364.841,350.848,353.273,20202844.444444444
2014-11-24,352.92,370.845,352.92,367.968,13182837.847222222
2014-11-25,367.573,387.209,366.669,376.631,23085671.77700349
2014-11-26,376.901,394.701,374.784,375.001,32861720.0
2014-11-27,375.348,377.698,365.816,367.066,22495653.125
2014-11-28,368.37,373.992,368.282,369.535,13383612.743055556
2014-11-29,369.67,382.838,358.455,377.006,13009240.174216028
2014-11-30,376.447,387.601,372.145,375.534,21539838.194444444
2014-12-01,375.491,382.527,373.309,378.236,13082616.875
2014-12-02,378.047,383.662,376.669,379.366,9976279.05923345
2014-12-03,379.245,384.038,377.863,381.711,11269971.909722222
2014-12-04,381.315,383.026,374.346,375.222,13254944.791666666
2014-12-05,375.01,378.655,367.759,369.066,13592784.668989548
2014-12-06,369.604,379.192,365.756,376.616,14849330.208333334
2014-12-07,376.854,378.448,370.945,374.783,12420458.402777778
2014-12-08,374.785,376.292,373.275,375.156,5773274.756944444
2014-12-09,375.095,376.029,361.886,361.886,11745634.529616725
2014-12-10,361.909,363.067,344.951,351.581,28082595.486111112
2014-12-11,352.219,352.384,347.082,347.332,22380909.375
2014-12-12,346.365,361.357,338.763,350.506,23959425.98425197
2014-12-13,350.833,352.983,349.291,352.542,21186238.96103896
2014-12-14,352.381,352.381,346.588,347.557,14737890.710382514
2014-12-15,347.376,353.316,345.418,351.714,9633498.506944444
2014-12-16,351.632,351.815,344.934,345.179,15548871.527777778
2014-12-17,345.345,345.859,328.514,328.548,25361939.3728223
2014-12-18,327.062,333.954,315.152,319.31,33509020.209059235
2014-12-19,319.776,323.709,304.232,311.629,40467782.29166666
2014-12-20,311.396,318.533,306.769,317.68,28673448.611111112
2014-12-21,317.843,330.325,316.044,329.365,24216250.522648085
2014-12-22,329.956,329.956,318.903,320.896,17524940.625
2014-12-23,320.843,334.117,320.425,331.896,18976770.486111112
2014-12-24,331.886,336.287,329.602,334.702,18610149.30555556
2014-12-25,334.572,334.741,321.357,322.774,14808088.153310103
2014-12-26,322.534,322.67,316.958,319.0,14561132.986111112
2014-12-27,319.008,331.424,316.627,328.517,10315642.916666666
2014-12-28,327.924,328.911,312.63,315.631,17757634.843205575
2014-12-29,315.863,320.028,311.078,317.506,13520211.458333334
2014-12-30,317.239,320.267,312.307,312.307,11507308.680555556
2014-12-31,312.67,314.809,309.373,310.61,11824949.12891986
2015-01-01,310.737,319.983,310.211,319.983,12319124.652777778
2015-01-02,320.193,320.435,314.003,314.136,13059799.409722222
2015-01-03,314.249,315.839,313.565,315.207,7154870.381944444
2015-01-04,315.032,315.15,284.234,284.234,16127051.916376306
2015-01-05,281.082,287.23,257.612,264.201,50044486.458333336
2015-01-06,264.195,278.341,264.195,274.57,49619788.88888889
2015-01-07,274.474,287.553,272.696,285.835,29156465.85365854
2015-01-08,286.189,298.754,283.079,293.909,24491203.472222224
2015-01-09,294.337,294.337,282.175,283.5,22995271.875
2015-01-10,283.349,291.114,280.533,290.408,19266206.59898477
2015-01-11,287.303,288.127,273.966,274.697,19179360.94890511
2015-01-12,274.796,279.638,265.039,267.88,14941563.541666666
2015-01-13,265.66,272.203,265.2,267.94,19900580.55555556
2015-01-14,267.796,268.277,219.906,222.973,46667544.097222224
2015-01-15,225.861,225.861,171.51,178.795,83898494.77351916
2015-01-16,178.103,229.067,176.897,210.482,98351723.6111111
2015-01-17,209.844,221.591,199.771,207.832,59276175.347222224
2015-01-18,208.097,211.731,194.875,199.279,31657332.75261324
2015-01-19,199.26,218.695,194.506,210.591,25334091.666666668
2015-01-20,210.339,216.728,207.318,214.761,24348881.944444444
2015-01-21,214.861,215.241,205.153,211.258,21699269.444444444
2015-01-22,211.315,227.788,211.212,226.878,20850395.12195122
2015-01-23,226.897,237.019,226.434,232.832,40287801.73611111
2015-01-24,233.406,234.845,225.196,232.909,25792802.43055556
2015-01-25,232.879,248.21,230.022,247.864,21773208.013937283
2015-01-26,247.847,255.074,243.89,253.477,31492829.513888888
2015-01-27,253.718,309.384,253.718,273.388,80132512.84722222
2015-01-28,273.473,275.48,250.653,263.918,70461913.8888889
2015-01-29,263.475,266.535,227.046,233.651,34175668.29268292
2015-01-30,233.915,238.706,220.712,233.521,42532605.902777776
2015-01-31,233.513,242.851,225.839,225.839,30103906.25
2015-02-01,226.425,233.504,216.309,217.8,23533107.01754386
2015-02-02,217.464,231.574,212.015,226.998,26177301.388888888
2015-02-03,226.972,242.175,222.659,238.469,29859298.263888888
2015-02-04,238.229,245.957,224.483,227.129,38142432.98611111
2015-02-05,227.268,230.058,221.113,226.147,32906926.923076924
2015-02-06,226.853,239.405,214.725,216.969,24377348.263888888
2015-02-07,217.111,230.51,216.232,222.236,25214846.341463413
2015-02-08,222.266,230.299,222.266,227.72,22751003.135888506
2015-02-09,227.754,229.438,221.077,223.3,19479428.472222224
2015-02-10,223.412,223.977,217.019,219.838,21018298.25783972
2015-02-11,220.11,221.807,215.332,220.053,24379975.694444444
2015-02-12,219.732,223.406,218.074,219.004,20429250.871080138
2015-02-13,219.185,222.199,217.614,221.609,15482650.0
2015-02-14,221.764,240.259,221.262,235.488,29902353.819444444
2015-02-15,235.427,259.808,235.427,257.747,42832044.40559441
2015-02-16,257.321,265.611,227.684,233.704,53506791.28919861
2015-02-17,234.825,239.521,229.022,233.71,46726012.5
2015-02-18,233.843,245.775,232.314,243.452,25185610.80139373
2015-02-19,243.61,244.251,232.34,236.216,26480426.736111112
2015-02-20,236.326,242.672,235.592,240.701,21984973.95833333
2015-02-21,240.283,247.101,239.299,244.077,23921576.388888888
2015-02-22,243.779,255.32,243.184,244.376,17709515.14084507
2015-02-23,244.534,246.392,233.851,236.145,13857649.305555556
2015-02-24,235.977,240.109,232.421,238.702,17710039.583333332
2015-02-25,238.892,239.901,236.402,238.79,16175405.923344947
2015-02-26,238.735,239.34,235.53,237.38,13415927.083333334
2015-02-27,237.47,237.71,234.257,236.558,13091257.986111112
2015-02-28,236.426,256.653,236.426,253.828,30844405.94795539
2015-03-01,253.52,254.692,249.479,254.274,25485243.26241135
2015-03-02,254.263,261.66,245.933,260.371,13746793.75
2015-03-03,260.202,276.301,258.313,275.598,32971381.944444444
2015-03-04,275.67,285.796,268.161,281.702,44364694.69026549
2015-03-05,281.99,284.225,268.126,273.457,45789361.64874552
2015-03-06,273.092,281.667,264.769,275.968,40100308.68055555
2015-03-07,276.178,277.608,270.015,272.6,38645388.88888889
2015-03-08,272.723,277.854,270.133,276.18,22026182.86713287
2015-03-09,276.261,277.858,272.565,274.383,19532804.861111112
2015-03-10,274.354,292.701,273.893,289.861,34566001.3986014
2015-03-11,289.607,300.044,289.607,291.696,69603594.40559441
2015-03-12,291.76,297.391,290.508,296.468,50939541.114982575
2015-03-13,296.379,297.088,292.413,294.727,33172506.25
2015-03-14,294.354,294.498,286.526,286.526,30383695.81881533
2015-03-15,285.337,286.342,280.976,282.24,29209395.454545453
2015-03-16,281.885,286.529,280.996,285.607,14843439.930555556
2015-03-17,286.393,294.112,285.685,290.524,18391076.736111112
2015-03-18,290.593,292.365,284.374,285.465,19390672.916666668
2015-03-19,285.505,285.505,249.87,256.65,33585634.49477352
2015-03-20,256.299,264.244,248.636,260.741,62116360.97560976
2015-03-21,260.928,264.848,259.162,261.829,36421799.65156794
2015-03-22,261.749,262.196,255.65,260.018,17798787.062937062
2015-03-23,260.025,269.747,259.59,267.969,14600921.180555556
2015-03-24,267.96,277.297,261.745,266.682,21315790.625
2015-03-25,266.74,267.003,244.155,245.055,29283736.111111112
2015-03-26,245.595,249.19,236.515,246.081,42491392.682926826
2015-03-27,246.197,254.354,244.905,248.482,28722047.916666668
2015-03-28,248.532,256.811,245.213,247.066,23357474.30555556
2015-03-29,247.029,254.205,246.975,252.89,16767115.0877193
2015-03-30,252.798,253.139,240.85,242.637,17790287.588652484
2015-03-31,242.713,249.242,239.214,247.657,22727267.91044776
2015-04-01,247.526,248.73,242.739,244.14,21904602.10526316
2015-04-02,244.224,247.541,241.16,247.289,21983263.75
2015-04-03,247.272,254.461,245.416,253.024,23836645.454545453
2015-04-04,253.005,256.043,251.879,254.321,26836771.32867133
2015-04-05,254.322,255.258,251.1,253.83,17892766.20209059
2015-04-06,253.697,260.675,251.942,260.451,13221818.641114982
2015-04-07,260.598,261.798,254.575,255.527,21282867.361111112
2015-04-08,255.492,255.805,252.205,253.451,20464069.097222224
2015-04-09,253.18,253.847,244.215,245.084,22124065.37102473
2015-04-10,245.022,246.118,239.4,243.744,27322916.319444444
2015-04-11,243.676,243.694,232.771,235.881,23803851.041666668
2015-04-12,236.072,239.537,234.175,236.637,24275550.522648085
2015-04-13,236.552,237.728,233.495,236.071,14498120.486111112
2015-04-14,236.153,236.935,221.996,224.81,15095382.291666666
2015-04-15,224.587,224.976,216.323,219.163,36191389.8245614
2015-04-16,219.159,223.656,218.649,223.656,28400835.05535056
2015-04-17,223.833,229.672,223.833,228.615,24491935.314685315
2015-04-18,228.573,228.906,221.942,222.951,21363387.10801394
2015-04-19,222.882,224.316,220.876,223.417,16619705.633802816
2015-04-20,223.356,226.353,222.373,222.604,13467615.54770318
2015-04-21,222.6,226.351,221.977,224.645,16828246.126760565
2015-04-22,224.626,235.122,224.301,234.462,18483512.23776224
2015-04-23,235.269,237.909,233.476,233.881,27896409.756097563
2015-04-24,234.176,236.475,233.199,236.475,19920133.566433568
2015-04-25,236.462,236.462,229.933,231.215,21248075.694444444
2015-04-26,231.268,232.561,226.337,226.483,16704080.099502487
2015-04-27,226.39,226.944,214.874,219.391,22278758.18815331
2015-04-28,219.43,233.305,218.023,229.219,25575364.58333333
2015-04-29,229.286,229.495,223.069,225.749,35962736.14035088
2015-04-30,225.855,227.04,223.43,226.002,19555204.71014493
2015-05-01,225.808,239.563,224.993,235.997,25522612.98245614
2015-05-02,236.145,238.966,232.155,232.155,27798349.477351915
2015-05-03,232.079,235.727,232.079,235.027,16459297.54385965
2015-05-04,234.93,243.24,234.083,240.376,15230510.452961672
2015-05-05,240.358,242.638,237.81,239.004,18155844.9122807
2015-05-06,239.018,239.204,232.054,236.121,24112546.545454547
2015-05-07,236.249,236.454,229.231,229.439,20314082.73381295
2015-05-08,229.782,239.105,228.573,237.135,32251069.444444444
2015-05-09,237.334,246.275,236.274,243.94,28396472.916666668
2015-05-10,243.863,247.804,239.639,242.022,27321360.763888888
2015-05-11,241.832,244.068,238.849,240.491,16237837.062937062
2015-05-12,240.296,244.27,239.376,241.949,16872073.263888888
2015-05-13,242.158,242.881,240.099,241.494,21330665.156794425
2015-05-14,241.112,243.704,235.045,236.525,18771225.43554007
2015-05-15,236.377,237.799,234.057,236.886,27504704.166666668
2015-05-16,236.929,238.753,236.795,237.589,21586096.527777776
2015-05-17,237.605,237.697,235.295,236.185,14323140.972222222
2015-05-18,236.153,238.025,236.01,236.796,10473493.101045296
2015-05-19,236.802,237.21,232.46,232.98,12964179.37062937
2015-05-20,233.128,234.151,231.817,231.936,16989196.51567944
2015-05-21,231.947,234.683,231.842,233.959,14876891.637630662
2015-05-22,234.018,236.242,233.835,235.349,15627859.375
2015-05-23,235.344,240.969,235.06,240.463,18697210.069444444
2015-05-24,240.348,241.025,238.691,238.916,23306749.477351915
2015-05-25,238.872,241.978,238.811,240.95,12417004.545454543
2015-05-26,240.953,241.021,236.637,237.096,13187185.664335664
2015-05-27,237.11,238.242,235.692,237.249,14999795.406360423
2015-05-28,237.116,238.636,236.695,237.277,17261091.459074732
2015-05-29,237.283,237.824,236.652,237.397,16616650.57915058
2015-05-30,237.408,237.522,235.731,237.115,14946369.444444444
2015-05-31,237.096,237.096,232.046,233.495,14234332.631578946
2015-06-01,233.345,233.345,229.542,229.968,12913179.44250871
2015-06-02,230.19,231.713,221.296,222.926,19407985.96491228
2015-06-03,222.894,226.416,222.419,225.827,24994365.09090909
2015-06-04,225.803,227.404,223.93,225.8,18991333.101045296
2015-06-05,225.874,226.581,224.054,224.273,15809486.805555556
2015-06-06,224.324,225.968,223.179,224.97,17000379.166666668
2015-06-07,224.952,225.719,224.379,225.616,14361861.594202898
2015-06-08,225.619,226.194,222.652,223.39,11981162.717770034
2015-06-09,222.881,229.464,222.839,228.536,17321369.097222224
2015-06-10,228.489,230.954,227.929,229.103,28453549.652777776
2015-06-11,229.048,229.782,228.01,228.839,19940991.289198607
2015-06-12,228.803,230.287,228.767,229.689,15596744.444444444
2015-06-13,229.705,231.057,229.313,230.057,13864802.777777778
2015-06-14,229.982,232.652,229.21,232.297,13452911.23188406
2015-06-15,232.402,234.858,232.004,233.554,13403188.50174216
2015-06-16,233.543,237.836,233.422,236.861,15019094.097222222
2015-06-17,236.823,251.742,236.122,250.431,27651092.361111112
2015-06-18,250.895,256.853,246.476,248.922,48214697.90940767
2015-06-19,249.284,252.108,244.127,248.873,36441462.152777776
2015-06-20,249.007,250.977,243.787,244.519,25736086.111111112
2015-06-21,244.606,245.828,240.627,245.23,24208856.944444444
2015-06-22,245.212,245.224,241.882,243.946,14144761.538461538
2015-06-23,243.944,247.917,243.779,246.998,14778768.055555556
2015-06-24,246.99,247.304,243.133,244.346,16167243.75
2015-06-25,244.296,244.341,240.525,240.525,16055075.43859649
2015-06-26,240.515,243.332,240.365,242.694,17528632.638888888
2015-06-27,242.799,243.749,241.553,243.599,13437526.736111112
2015-06-28,243.594,251.339,243.117,251.083,15294772.569444444
2015-06-29,250.99,251.172,247.434,248.987,20161909.407665502
2015-06-30,249.011,257.173,248.581,257.022,22187651.736111112
2015-07-01,257.064,267.867,255.946,263.107,44240863.54166666
2015-07-02,263.072,265.172,255.774,258.651,34119346.68989547
2015-07-03,258.621,261.631,254.116,255.499,24756127.87456446
2015-07-04,255.412,257.077,253.505,256.212,19815805.20833333
2015-07-05,256.336,261.457,254.2,260.974,16034324.390243905
2015-07-06,260.886,274.506,258.701,271.818,24094098.611111112
2015-07-07,271.913,277.422,267.6,269.045,51140740.625
2015-07-08,269.03,271.341,264.832,266.683,41468115.972222224
2015-07-09,266.207,272.971,264.386,270.596,31255541.81184669
2015-07-10,270.785,272.335,267.086,269.46,39345489.23611111
2015-07-11,269.228,294.591,268.802,285.113,69429058.33333333
2015-07-12,284.894,298.506,283.53,293.156,74870459.93031359
2015-07-13,293.115,314.394,292.505,311.024,50235119.44444445
2015-07-14,310.867,310.948,281.011,292.307,58957635.06944445
2015-07-15,292.054,296.147,286.638,287.76,41132833.101045296
2015-07-16,287.464,293.248,285.367,286.083,27318135.19163763
2015-07-17,285.829,291.183,275.24,278.088,39527362.5
2015-07-18,278.089,280.28,272.043,279.544,39498802.083333336
2015-07-19,279.472,282.527,274.075,274.724,25752687.062937062
2015-07-20,274.901,275.67,272.513,273.469,19522785.069444444
2015-07-21,273.614,278.4,272.96,278.4,19547404.529616725
2015-07-22,278.981,280.547,275.419,276.232,22669310.13986014
2015-07-23,275.833,277.666,274.381,277.259,21250909.407665502
2015-07-24,277.222,278.111,275.716,276.06,18202552.447552446
2015-07-25,276.049,289.253,275.254,288.404,26650097.569444444
2015-07-26,288.278,290.733,286.002,288.756,31245680.48780488
2015-07-27,288.697,293.052,287.706,292.627,17192581.597222224
2015-07-28,292.686,297.774,287.45,293.647,20556323.611111112
2015-07-29,293.624,296.649,293.423,294.411,31264447.916666668
2015-07-30,294.427,294.536,288.777,289.591,24167306.62020906
2015-07-31,289.59,290.126,286.568,287.861,23203070.486111112
2015-08-01,287.722,288.959,282.344,284.501,22897120.138888888
2015-08-02,284.65,284.932,278.112,282.013,21090244.755244754
2015-08-03,281.601,283.032,277.529,282.624,18426331.25
2015-08-04,282.614,285.471,280.233,281.63,18557775.347222224
2015-08-05,281.227,285.715,281.225,285.295,22038987.76223776
2015-08-06,285.218,285.501,281.488,281.866,20323244.599303138
2015-08-07,281.882,281.906,278.403,278.663,19880028.819444444
2015-08-08,278.577,280.392,276.366,279.406,27972026.041666668
2015-08-09,279.585,279.928,260.71,260.769,44103200.69686411
2015-08-10,260.997,267.003,260.468,265.024,50502850.0
2015-08-11,265.083,267.032,262.596,264.404,21354320.138888888
2015-08-12,264.47,270.288,264.094,270.288,22344800.350877192
2015-08-13,270.386,270.673,265.469,266.358,26951342.5087108
2015-08-14,266.376,266.376,262.841,263.978,26108215.972222224
2015-08-15,264.08,267.466,261.478,265.781,28338463.541666668
2015-08-16,265.68,266.667,261.296,261.495,21429918.81533101
2015-08-17,261.551,262.44,257.041,258.514,26085360.763888888
2015-08-18,258.507,260.505,257.117,257.953,24518308.33333333
2015-08-19,257.976,257.993,213.158,213.158,24211892.361111112
2015-08-20,211.079,237.409,211.079,226.722,73722867.25352113
2015-08-21,226.684,237.365,226.684,235.415,40165256.25
2015-08-22,235.35,236.432,231.724,232.759,26371207.638888888
2015-08-23,232.569,234.957,222.704,230.484,21269154.545454547
2015-08-24,230.39,232.705,225.58,228.383,22717299.652777776
2015-08-25,228.169,228.169,210.443,211.394,37027805.92334495
2015-08-26,210.495,226.321,199.567,221.676,66128056.597222224
2015-08-27,221.609,231.183,220.204,225.817,42959622.29965157
2015-08-28,225.831,228.643,223.684,224.557,26334148.263888888
2015-08-29,224.769,235.219,220.926,231.477,26266700.0
2015-08-30,231.396,233.222,227.33,229.794,24601361.05263158
2015-08-31,229.78,232.068,226.247,228.479,18486029.166666668
2015-09-01,228.761,231.956,225.915,230.18,19425363.888888888
2015-09-02,230.056,231.216,226.86,228.046,21016034.722222224
2015-09-03,228.121,230.577,226.475,229.229,18872423.344947737
2015-09-04,229.284,229.605,226.667,227.057,18287290.972222224
2015-09-05,227.183,230.9,227.051,230.39,19565909.027777776
2015-09-06,230.298,236.143,229.443,235.046,17651482.51748252
2015-09-07,235.019,242.912,234.681,239.945,24834405.20833333
2015-09-08,239.84,242.106,238.722,240.091,20935074.30555556
2015-09-09,239.847,245.781,239.678,243.618,23490186.71328672
2015-09-10,243.607,244.416,237.821,238.105,23666228.32167832
2015-09-11,238.168,241.293,235.791,238.596,21134668.05555556
2015-09-12,238.477,241.169,238.329,240.17,19514997.916666668
2015-09-13,240.107,240.124,234.754,235.184,16538520.42253521
2015-09-14,235.229,235.935,229.332,230.809,16921613.888888888
2015-09-15,230.512,232.44,227.961,230.656,19927519.444444444
2015-09-16,230.644,259.182,229.822,230.381,19292579.442508712
2015-09-17,230.304,231.215,227.402,229.063,17816091.319444444
2015-09-18,229.091,230.285,228.926,229.81,18529060.0
2015-09-19,233.521,234.353,232.185,233.025,21126184.97652582
2015-09-20,232.975,233.205,231.089,231.487,15088496.830985917
2015-09-21,231.493,232.365,230.91,231.151,12879303.663003664
2015-09-22,231.212,231.217,226.521,226.888,15932627.916666666
2015-09-23,227.085,232.386,225.117,230.586,22136126.041666668
2015-09-24,230.618,231.835,229.591,230.3,19460994.791666668
2015-09-25,230.283,235.649,230.283,234.536,19556779.790940765
2015-09-26,234.529,237.427,233.684,235.208,24218559.01060071
2015-09-27,235.144,235.403,233.358,234.384,16023002.21402214
2015-09-28,234.34,234.526,232.476,232.748,12785728.919860628
2015-09-29,232.757,239.339,232.467,239.167,19440906.271777004
2015-09-30,239.142,239.802,235.928,236.549,22933651.388888888
2015-10-01,236.687,237.734,235.629,236.083,20103280.902777776
2015-10-02,236.06,238.445,235.616,237.551,18213744.25087108
2015-10-03,237.549,238.541,236.603,237.319,19380980.20833333
2015-10-04,237.293,239.315,236.944,238.795,17689594.38596491
2015-10-05,238.73,238.968,237.94,238.199,12822948.083623694
2015-10-06,238.259,240.382,237.035,240.24,15899712.152777778
2015-10-07,240.383,246.935,240.136,246.044,25082222.99651568
2015-10-08,246.063,246.681,242.585,242.881,24311110.763888888
2015-10-09,242.969,244.251,242.179,242.402,19644720.209059235
2015-10-10,242.304,244.228,242.122,243.952,18043592.70833333
2015-10-11,243.931,245.319,243.074,244.885,15788632.98245614
2015-10-12,244.941,247.243,244.152,247.128,12472500.348432057
2015-10-13,247.05,247.454,245.179,245.323,17202200.347222224
2015-10-14,245.308,250.236,243.757,249.332,23010840.972222224
2015-10-15,249.508,254.275,248.903,252.077,25124056.25
2015-10-16,251.989,255.962,251.989,254.381,26143765.034965035
2015-10-17,254.32,266.135,253.926,262.606,26338864.236111112
2015-10-18,262.869,273.578,262.367,271.089,41431214.38596492
2015-10-19,270.64,271.668,260.777,261.688,31128002.43902439
2015-10-20,261.643,264.82,260.951,263.468,23976929.513888888
2015-10-21,263.437,270.835,263.227,269.461,26220981.25
2015-10-22,269.463,270.77,263.839,266.32,28068421.18055556
2015-10-23,266.272,276.51,266.135,273.877,28095536.2369338
2015-10-24,274.023,278.684,273.543,276.519,34092928.472222224
2015-10-25,276.496,281.706,276.496,281.706,25897662.056737587
2015-10-26,281.654,294.059,281.445,283.117,35022877.00348432
2015-10-27,283.68,285.288,280.51,285.288,39087900.347222224
2015-10-28,285.3,296.212,285.008,293.742,35763302.43055555
2015-10-29,293.788,306.331,293.703,304.859,47863420.833333336
2015-10-30,304.618,318.17,301.823,313.812,53173441.114982575
2015-10-31,313.855,334.169,313.855,328.017,79727297.91666667
2015-11-01,328.015,332.777,309.251,314.036,54392383.62989324
2015-11-02,314.166,327.472,311.881,325.732,41637300.72727273
2015-11-03,325.431,365.36,323.209,360.628,53638704.51388889
2015-11-04,361.189,417.9,357.647,401.146,154700204.8611111
2015-11-05,403.417,495.562,380.548,408.892,251996468.5314685
2015-11-06,411.563,447.561,374.581,387.637,237329668.98954704
2015-11-07,386.354,395.836,354.025,373.859,131053840.27777778
2015-11-08,374.47,390.586,372.433,386.924,85262910.67615658
2015-11-09,386.482,389.895,368.7,372.318,46539497.21254356
2015-11-10,373.368,385.278,362.895,381.337,63289501.38888889
2015-11-11,380.257,381.387,329.108,336.634,67108653.81944445
2015-11-12,336.819,340.585,300.997,310.995,120804313.54166669
2015-11-13,311.084,345.081,311.084,338.853,84015147.03832753
2015-11-14,338.152,340.914,326.075,336.248,61142601.73611111
2015-11-15,336.753,338.181,329.97,332.782,41635078.49462365
2015-11-16,332.906,334.662,317.49,320.231,36447526.13240418
2015-11-17,320.166,331.626,315.905,330.709,45901991.31944445
2015-11-18,330.751,338.35,329.614,335.036,54334467.36111111
2015-11-19,335.094,336.531,330.64,334.331,43052275.69444445
2015-11-20,334.59,335.334,325.273,326.053,41007184.32055749
2015-11-21,326.149,326.473,312.217,322.161,52544110.76388889
2015-11-22,322.022,328.159,319.595,326.648,34506477.97833935
2015-11-23,326.927,327.01,321.259,324.223,22014492.334494773
2015-11-24,324.536,325.118,321.29,323.006,22926050.0
2015-11-25,323.046,323.058,318.118,320.041,27718850.871080138
2015-11-26,320.046,329.134,316.77,328.389,30612319.444444444
2015-11-27,328.206,366.757,328.206,355.142,71506312.54355401
2015-11-28,352.684,363.589,347.87,358.425,86087472.64957266
2015-11-29,358.042,359.536,352.172,356.919,45930853.472222224
2015-11-30,357.381,371.939,355.666,371.419,29357043.902439024
2015-12-01,371.294,382.363,370.383,377.327,61575248.958333336
2015-12-02,377.321,378.931,356.563,362.387,61369346.18055555
2015-12-03,362.488,362.488,349.465,358.833,56736956.597222224
2015-12-04,359.187,370.275,357.412,361.126,50140700.0
2015-12-05,361.046,363.516,355.757,363.079,39801660.76388889
2015-12-06,363.183,389.785,363.183,388.868,45316424.30555555
2015-12-07,388.949,402.809,387.089,391.638,80077871.08013937
2015-12-08,388.783,399.969,385.411,395.685,64455691.31944445
2015-12-09,395.536,413.109,389.95,413.109,50380537.5
2015-12-10,415.563,423.12,406.291,417.255,82312905.90277778
2015-12-11,417.563,419.509,411.548,415.613,65999860.6271777
2015-12-12,415.479,451.693,415.281,450.679,70036260.06944445
2015-12-13,451.938,469.103,410.741,435.858,142485892.3611111
2015-12-14,434.997,441.68,426.268,434.394,72788291.98606272
2015-12-15,433.755,447.142,430.456,444.357,87632544.09722222
2015-12-16,444.182,464.614,443.878,464.106,113118267.24738675
2015-12-17,465.321,465.321,443.851,454.782,94057844.75524476
2015-12-18,454.934,457.86,448.858,456.317,72551710.10452962
2015-12-19,456.078,465.177,454.94,463.668,50633412.72084805
2015-12-20,463.616,465.581,456.765,462.134,48838551.73611111
2015-12-21,462.322,462.645,434.338,442.363,50902692.682926826
2015-12-22,442.685,444.729,427.312,438.556,88107037.84722222
2015-12-23,438.639,443.688,435.516,437.281,57414272.82229965
2015-12-24,436.572,444.529,436.572,442.111,46733400.0
2015-12-25,442.401,458.456,442.401,455.101,53938273.86759582
2015-12-26,454.985,458.305,452.075,455.525,44268511.80555555
2015-12-27,455.653,457.489,405.76,417.869,69597641.31944445
2015-12-28,417.274,424.007,408.883,422.223,88046795.12195122
2015-12-29,422.823,429.769,418.481,422.344,47622725.69444445
2015-12-30,422.279,432.343,420.627,432.343,45708977.777777776
2015-12-31,432.983,434.387,422.084,426.371,50824360.06944445
2016-01-01,426.62,432.921,418.735,430.538,43413063.06620209
2016-01-02,430.567,436.246,427.515,433.973,40203358.333333336
2016-01-03,434.334,436.062,431.87,433.307,31730932.291666668
2016-01-04,433.438,433.743,424.706,429.88,31171745.99303136
2016-01-05,430.011,434.517,429.084,433.122,37156232.98611111
2016-01-06,433.091,434.182,429.676,431.945,36696569.097222224
2016-01-07,431.96,431.96,426.341,430.231,33577837.97909407
2016-01-08,429.105,458.766,429.077,458.655,63150930.31358885
2016-01-09,458.048,462.934,447.938,453.353,68619854.5138889
2016-01-10,453.23,454.64,446.889,447.593,40822281.25
2016-01-11,447.611,448.309,440.351,447.7,32234513.986013982
2016-01-12,447.991,450.662,443.855,448.455,37772565.625
2016-01-13,448.428,448.428,439.521,439.521,46997749.47368421
2016-01-14,435.69,435.69,424.443,432.366,147348225.43554008
2016-01-15,432.371,433.324,427.845,430.364,40073303.472222224
2016-01-16,430.306,430.306,365.662,365.662,88839686.45833333
2016-01-17,364.331,390.557,354.914,387.7,138314562.5
2016-01-18,387.536,390.965,380.092,382.775,70932055.08771929
2016-01-19,382.299,388.104,376.665,386.955,45239196.18055555
2016-01-20,387.168,387.73,378.972,380.688,42976926.38888889
2016-01-21,380.149,425.267,376.599,421.78,65943633.44947735
2016-01-22,420.23,422.877,406.3,408.952,102787953.68421052
2016-01-23,410.262,410.41,375.282,382.146,68255941.31944445
2016-01-24,382.492,394.543,381.981,387.756,74252382.16783217
2016-01-25,387.491,405.485,387.491,403.198,47340944.9122807
2016-01-26,402.971,402.971,388.554,391.872,53471679.86111111
2016-01-27,391.726,397.766,390.575,392.41,57172346.68989547
2016-01-28,392.153,396.843,391.782,395.106,54529397.19298246
2016-01-29,394.972,395.502,379.735,380.316,55292454.86111111
2016-01-30,380.289,384.379,365.452,379.89,71918744.09722222
2016-01-31,379.474,380.917,376.491,378.179,49259738.88888889
2016-02-01,378.255,380.347,367.835,368.661,29835855.05226481
2016-02-02,368.767,378.072,367.957,372.942,48671439.93055555
2016-02-03,373.056,375.883,372.92,374.445,43439885.41666666
2016-02-04,374.448,374.95,368.045,369.989,39169083.62369338
2016-02-05,369.949,391.608,369.949,389.588,49707653.472222224
2016-02-06,389.594,391.094,385.572,386.187,59222420.14134276
2016-02-07,386.549,386.631,372.387,376.479,50298642.708333336
2016-02-08,376.522,380.871,374.903,376.569,32041552.96167248
2016-02-09,376.62,379.879,373.334,373.402,39386706.94444445
2016-02-10,373.447,377.246,372.898,376.07,52096837.152777776
2016-02-11,376.029,385.483,375.783,381.614,68664436.58536585
2016-02-12,381.649,383.13,376.399,379.581,72195868.18181819
2016-02-13,379.654,384.954,379.6,384.173,76832409.375
2016-02-14,384.263,391.212,384.263,390.819,61988934.027777776
2016-02-15,391.86,407.153,391.86,407.153,64288397.21254356
2016-02-16,407.23,410.381,397.749,400.364,67486744.44444445
2016-02-17,400.185,408.945,400.185,407.523,63576393.05555555
2016-02-18,407.488,421.167,406.784,416.309,74079149.47735192
2016-02-19,416.322,425.996,415.638,422.293,79243662.15277778
2016-02-20,422.373,423.104,417.604,420.796,61806053.81944445
2016-02-21,420.785,441.984,420.785,438.327,60756517.36111111
2016-02-22,437.164,448.046,429.077,438.674,90779463.06620207
2016-02-23,438.798,439.045,432.917,437.122,85271782.29166667
2016-02-24,437.748,439.858,417.821,420.495,73160038.8888889
2016-02-25,420.736,425.55,413.907,425.102,69253478.67132868
2016-02-26,424.955,427.719,420.415,424.58,65748955.78947368
2016-02-27,424.544,431.015,421.62,431.015,59079056.94444445
2016-02-28,432.152,434.231,428.103,432.6,108173001.7361111
2016-02-29,432.519,435.683,423.82,433.553,46834766.20209059
2016-03-01,433.504,441.507,431.693,438.156,57918418.75
2016-03-02,437.697,439.653,432.319,435.101,62204940.625
2016-03-03,435.123,435.917,424.568,424.568,73767845.26315789
2016-03-04,423.989,425.373,419.411,421.517,89831927.77777778
2016-03-05,421.651,425.178,410.968,411.326,90064090.45936395
2016-03-06,410.939,411.257,394.035,400.845,111919596.875
2016-03-07,400.57,411.907,395.778,407.607,121444768.77192985
2016-03-08,407.707,415.917,406.309,414.482,85912771.52777778
2016-03-09,414.321,416.243,411.094,414.047,81362679.5138889
2016-03-10,413.972,416.032,411.606,414.798,64637548.43205575
2016-03-11,414.86,417.512,413.251,417.123,76580775.34722222
2016-03-12,417.131,423.926,417.013,421.572,81702588.54166667
2016-03-13,421.69,421.795,410.094,411.796,88847708.33333333
2016-03-14,411.624,416.604,411.624,414.1,75499625.08710802
2016-03-15,414.065,416.684,414.065,416.381,91310887.15277778
2016-03-16,416.438,418.131,414.985,416.702,77684040.625
2016-03-17,416.83,417.686,415.912,417.078,64530772.82229965
2016-03-18,417.011,420.997,417.011,420.654,74201573.94366197
2016-03-19,420.621,420.621,406.137,409.636,89085957.9861111
2016-03-20,409.548,410.984,407.23,410.519,87396928.125
2016-03-21,410.444,414.625,410.401,414.01,50687778.39721254
2016-03-22,413.755,413.755,410.381,413.304,51562446.3768116
2016-03-23,413.307,418.375,412.531,418.018,66752441.90140845
2016-03-24,418.089,419.268,417.364,418.01,57658206.27177701
2016-03-25,418.041,418.68,415.486,416.386,64999179.51388889
2016-03-26,416.394,418.08,415.558,417.222,56657612.89198607
2016-03-27,417.177,418.987,416.259,417.932,43923417.708333336
2016-03-28,417.945,428.797,417.711,426.819,45146540.06968641
2016-03-29,426.765,426.857,423.293,424.103,75087466.31944445
2016-03-30,424.231,426.203,412.681,416.465,65777379.86111111
2016-03-31,416.516,416.834,412.496,414.867,68924595.81881534
2016-04-01,414.816,418.369,414.816,416.779,59758510.41666666
2016-04-02,416.729,418.173,415.831,417.822,53367835.06944445
2016-04-03,417.96,422.081,417.96,420.829,47537003.48432056
2016-04-04,420.873,421.58,419.697,420.861,33961565.73426574
2016-04-05,420.904,422.343,419.601,421.486,40742629.92957746
2016-04-06,421.444,424.257,420.614,423.994,53637693.26241135
2016-04-07,424.03,424.527,422.729,423.256,59337751.219512194
2016-04-08,423.413,423.657,420.518,422.649,53284911.14982578
2016-04-09,422.745,425.361,419.635,420.25,56822006.29370629
2016-04-10,420.349,420.891,416.515,419.342,54011850.52264808
2016-04-11,419.411,422.435,419.257,421.512,55489735.31468532
2016-04-12,421.564,422.739,420.533,422.376,60633932.98611111
2016-04-13,422.483,427.277,422.483,425.334,56607360.06944445
2016-04-14,425.19,426.658,422.916,423.764,66312944.94773519
2016-04-15,423.734,425.371,423.013,424.155,55218203.81944445
2016-04-16,424.282,429.928,424.282,429.751,45294543.05555555
2016-04-17,429.713,432.625,428.984,430.42,43754109.40766551
2016-04-18,430.572,431.371,426.079,427.268,43374111.538461536
2016-04-19,427.399,429.274,427.086,428.521,49539304.16666666
2016-04-20,428.591,436.02,428.104,435.553,45999172.222222224
2016-04-21,435.509,443.054,434.406,441.368,61871007.66550522
2016-04-22,441.389,450.548,440.952,449.306,64274105.55555555
2016-04-23,449.425,449.81,444.15,445.67,64649432.63888889
2016-04-24,445.737,450.223,444.331,450.146,46811597.90940767
2016-04-25,450.282,460.146,448.928,458.664,55660019.097222224
2016-04-26,458.555,466.62,453.592,462.298,67819551.7361111
2016-04-27,461.426,467.965,461.426,466.176,86860455.94405594
2016-04-28,466.089,467.079,444.134,444.134,77010612.19512194
2016-04-29,444.687,449.551,436.65,449.056,92573256.25
2016-04-30,449.011,455.384,446.017,455.225,49408494.79166666
2016-05-01,455.097,455.587,447.697,448.223,51610247.38675958
2016-05-02,448.318,452.479,447.927,451.683,56931218.75
2016-05-03,451.875,452.445,441.776,444.599,62697534.722222224
2016-05-04,444.669,451.097,442.617,450.318,72760103.47222222
2016-05-05,450.304,450.378,445.63,446.723,53766989.54703832
2016-05-06,446.722,448.506,445.883,447.985,48683267.36111111
2016-05-07,447.976,461.375,447.068,459.735,54223327.777777776
2016-05-08,459.603,460.675,457.324,458.424,61750342.85714286
2016-05-09,458.536,459.417,455.983,458.6,37175556.94444445
2016-05-10,458.548,462.481,456.531,460.451,42556855.55555555
2016-05-11,460.483,461.929,448.954,450.647,56435998.26388889
2016-05-12,450.895,454.576,450.864,452.667,53579415.33101045
2016-05-13,452.728,454.949,449.25,454.733,52739841.66666666
2016-05-14,454.766,457.055,453.453,455.677,60983088.54166666
2016-05-15,455.67,456.836,454.786,455.665,49905003.1358885
2016-05-16,455.671,458.692,455.459,457.657,29540801.736111112
2016-05-17,457.568,458.2,452.945,454.302,35892517.01388889
2016-05-18,454.163,455.072,453.605,453.813,65207640.625
2016-05-19,453.783,455.998,453.299,454.689,75890511.2033195
2016-05-20,454.619,454.633,439.628,439.628,81419229.16666667
2016-05-21,438.715,444.054,437.389,442.446,99423136.45833331
2016-05-22,442.676,443.778,441.706,443.23,60424859.93031359
2016-05-23,443.188,443.427,439.035,439.442,35061346.527777776
2016-05-24,439.323,444.345,438.823,444.28,44070797.91666666
2016-05-25,444.155,447.1,443.93,446.036,54126966.66666666
2016-05-26,445.981,450.298,445.981,449.538,65579425.78397212
2016-05-27,449.599,453.644,447.896,453.376,62401027.43055555
2016-05-28,453.384,478.149,453.384,473.73,133270755.90277778
2016-05-29,473.464,533.473,472.699,530.623,148418362.36933798
2016-05-30,530.04,553.96,512.179,525.58,154379312.5
2016-05-31,526.233,544.349,522.963,534.696,128016110.41666669
2016-06-01,533.864,546.618,520.662,531.433,98355895.1388889
2016-06-02,531.386,543.08,525.636,537.859,123569464.80836236
2016-06-03,536.92,540.352,533.078,538.017,70688274.30555555
2016-06-04,537.972,574.638,536.92,569.098,82483117.0138889
2016-06-05,569.194,590.132,564.238,573.18,115192012.19512194
2016-06-06,572.727,582.808,569.178,575.039,80019398.6111111
2016-06-07,574.977,586.47,574.602,585.485,70549452.08333333
2016-06-08,585.537,590.259,567.514,576.534,81460987.84722222
2016-06-09,576.597,582.839,573.13,581.799,91240129.61672474
2016-06-10,581.645,582.203,570.951,574.648,68398935.41666667
2016-06-11,574.63,579.127,573.325,577.568,60858311.458333336
2016-06-12,577.47,607.116,577.47,607.116,57091339.72125436
2016-06-13,606.727,684.844,606.727,672.285,171200411.1111111
2016-06-14,672.784,716.004,664.487,704.294,246848329.8611111
2016-06-15,704.376,704.504,662.804,685.823,208854826.3888889
2016-06-16,685.559,696.303,672.561,694.053,142133917.07317072
2016-06-17,694.469,773.722,694.469,766.15,197675551.56794423
2016-06-18,766.308,775.356,716.556,749.353,301337187.5
2016-06-19,748.909,777.99,733.929,756.483,278915933.7979094
2016-06-20,756.227,766.621,745.628,763.383,217495395.8333333
2016-06-21,763.781,764.084,732.727,737.32,142460114.58333334
2016-06-22,737.226,737.226,639.07,665.9,226146555.55555555
2016-06-23,666.652,678.67,587.483,588.221,289819031.358885
2016-06-24,596.116,629.327,558.139,623.863,277014288.1944444
2016-06-25,623.977,681.727,623.977,666.945,254224284.7222222
2016-06-26,665.299,691.731,646.559,665.34,152641073.1707317
2016-06-27,665.123,665.98,616.934,630.061,105703175.69444443
2016-06-28,629.367,650.318,620.524,649.135,117490354.16666669
2016-06-29,655.275,659.248,637.773,647.113,120406708.33333331
2016-06-30,644.122,644.682,628.284,639.743,144656940.7665505
2016-07-01,639.89,675.403,636.608,674.039,130590156.25
2016-07-02,673.337,686.154,669.594,675.964,142518173.6111111
2016-07-03,676.296,703.288,676.296,703.288,112441163.7630662
2016-07-04,703.702,704.968,649.009,657.342,120296991.31944443
2016-07-05,658.664,683.349,650.508,683.349,106906789.58333331
2016-07-06,683.662,683.662,665.066,670.545,102702927.5261324
2016-07-07,670.627,681.898,670.418,677.032,133312743.05555557
2016-07-08,677.331,682.432,611.834,639.667,189236104.16666663
2016-07-09,640.562,666.707,636.467,666.707,206150826.3888889
2016-07-10,666.523,666.523,633.399,650.911,154875142.85714287
2016-07-11,650.96,652.294,641.264,649.727,146663965.2777778
2016-07-12,649.36,659.629,644.98,647.678,101209056.25
2016-07-13,647.659,675.259,646.779,664.547,102330052.96167248
2016-07-14,664.551,668.7,655.672,655.672,133493104.16666669
2016-07-15,654.468,662.902,652.923,657.787,112133747.91666669
2016-07-16,658.078,667.077,658.078,663.848,76567592.0138889
2016-07-17,663.255,666.46,659.334,662.211,60582619.86062717
2016-07-18,660.767,682.365,660.767,678.84,50767355.74912892
2016-07-19,679.459,681.555,668.625,673.396,68054469.09722222
2016-07-20,673.106,673.277,667.632,672.914,62406973.17073171
2016-07-21,672.864,672.929,663.36,665.816,73545020.1388889
2016-07-22,665.685,666.219,660.415,665.115,82064992.0138889
2016-07-23,665.012,666.583,646.722,650.521,83447852.77777778
2016-07-24,650.619,656.366,648.524,655.612,119153560.27874564
2016-07-25,655.556,663.11,652.793,661.208,80340028.81944445
2016-07-26,661.285,661.828,653.395,653.95,99638478.47222222
2016-07-27,654.097,656.225,645.879,652.123,131822573.17073172
2016-07-28,651.784,657.456,648.447,654.313,203730131.94444445
2016-07-29,654.352,657.595,654.352,655.114,110872273.2638889
2016-07-30,655.035,657.796,654.786,656.938,74597371.52777778
2016-07-31,656.992,658.223,654.209,655.06,46836811.49825784
2016-08-01,655.047,655.285,624.365,625.039,72542631.81818181
2016-08-02,624.681,626.119,605.884,605.969,110822137.63066202
2016-08-03,606.272,612.848,531.334,543.942,196876222.9965157
2016-08-04,547.465,573.36,541.547,566.426,324632854.1666667
2016-08-05,566.355,579.496,565.777,578.275,160473680.55555555
2016-08-06,578.289,578.289,569.982,575.236,95773369.09722222
2016-08-07,575.043,588.396,569.469,587.764,69330264.11149825
2016-08-08,587.778,597.513,586.816,592.632,79466485.06944445
2016-08-09,592.69,592.994,588.047,590.973,70015740.97222222
2016-08-10,591.054,591.091,584.793,588.025,73643750.87108015
2016-08-11,587.801,599.984,586.371,591.843,91111603.47222222
2016-08-12,592.103,597.542,589.174,589.36,97622496.18055557
2016-08-13,589.12,589.91,583.811,587.635,69474705.55555555
2016-08-14,587.559,589.774,584.979,585.545,52623344.9122807
2016-08-15,585.588,585.666,564.781,570.389,47262262.152777776
2016-08-16,570.473,573.58,563.24,567.112,57812215.625
2016-08-17,567.24,581.738,566.716,577.35,57330814.28571428
2016-08-18,577.439,580.894,571.43,573.36,54881106.597222224
2016-08-19,573.216,577.792,573.216,574.185,56971537.847222224
2016-08-20,574.318,578.238,574.182,575.714,51539648.61111111
2016-08-21,575.63,582.818,575.457,581.716,49092969.23076923
2016-08-22,581.697,584.158,580.218,581.417,38074242.708333336
2016-08-23,581.308,588.448,580.594,586.839,44057568.53146853
2016-08-24,586.753,589.474,581.634,583.571,84514731.70731707
2016-08-25,583.415,583.59,579.855,580.119,71184209.79020979
2016-08-26,580.182,580.451,575.167,577.828,67968511.18881118
2016-08-27,577.761,580.623,576.858,579.583,100284686.41114984
2016-08-28,579.651,579.845,568.63,570.164,38651870.03484321
2016-08-29,569.947,574.038,569.74,573.897,65296326.38888889
2016-08-30,573.912,576.278,573.465,574.083,101891428.47222222
2016-08-31,574.107,578.357,574.107,577.371,85788272.82229964
2016-09-01,577.503,577.861,573.642,575.329,71153201.04166667
2016-09-02,575.472,576.311,571.814,572.28,80798229.5138889
2016-09-03,572.303,575.643,570.811,575.54,70369930.90277778
2016-09-04,575.537,599.5,574.056,597.918,117160212.89198606
2016-09-05,598.212,611.837,596.848,608.481,137766517.3611111
2016-09-06,608.634,609.055,602.242,606.537,86700343.05555555
2016-09-07,606.59,610.83,605.091,610.396,75871008.74125874
2016-09-08,610.436,614.545,608.513,614.545,75538939.2361111
2016-09-09,614.544,628.77,613.844,626.433,77496046.18055555
2016-09-10,626.316,626.83,620.263,622.921,77972635.19163764
2016-09-11,622.861,625.095,622.395,623.561,54251732.29166666
2016-09-12,623.509,628.818,600.506,606.529,46951278.81944445
2016-09-13,606.719,608.459,605.411,608.046,84417981.59722222
2016-09-14,608.243,611.193,606.925,609.081,78662132.40418118
2016-09-15,609.241,611.952,608.41,610.754,64383298.958333336
2016-09-16,610.684,611.086,607.258,607.258,48660730.902777776
2016-09-17,607.155,609.261,606.735,606.966,63099304.52961673
2016-09-18,606.973,607.86,605.192,606.136,51011591.31944445
2016-09-19,605.984,610.158,605.856,609.907,37640567.01388889
2016-09-20,609.874,610.932,608.27,609.216,50085907.63888889
2016-09-21,609.227,609.525,607.938,609.096,62883840.90909091
2016-09-22,608.312,608.312,595.883,597.076,82887118.40277778
2016-09-23,597.149,598.487,596.213,596.248,65936913.19444445
2016-09-24,596.298,603.205,595.786,602.861,58486785.36585366
2016-09-25,602.842,604.58,602.045,602.569,42244328.81944445
2016-09-26,602.625,603.381,599.711,600.859,31757622.222222224
2016-09-27,600.826,608.143,600.349,608.143,45146425.0
2016-09-28,608.043,608.248,604.11,606.139,51441799.65156794
2016-09-29,606.166,606.59,604.607,604.797,48282938.88888889
2016-09-30,604.728,606.824,604.728,605.599,50502702.43055555
2016-10-01,605.693,609.67,604.142,609.67,52696325.087108016
2016-10-02,609.735,615.237,609.735,613.965,57101440.972222224
2016-10-03,613.983,614.005,609.682,610.934,44198535.76388889
2016-10-04,610.892,612.568,610.455,612.07,39163971.18055555
2016-10-05,612.133,612.133,609.479,610.164,46644520.20905923
2016-10-06,610.204,613.814,609.617,612.537,58679546.18055555
2016-10-07,612.511,613.819,611.469,613.031,63005689.23611111
2016-10-08,613.021,617.912,611.821,617.0,59311434.146341465
2016-10-09,617.121,619.849,617.121,619.069,52949106.597222224
2016-10-10,619.108,619.198,616.607,616.607,34985031.25
2016-10-11,616.752,621.318,616.197,618.786,52663684.027777776
2016-10-12,618.994,642.08,618.5,641.512,87100804.18118466
2016-10-13,641.072,641.337,635.965,636.222,80039599.65277778
2016-10-14,636.192,638.833,635.029,636.681,88377529.72027972
2016-10-15,636.786,641.285,636.786,640.312,57564542.160278745
2016-10-16,640.378,642.102,637.39,638.474,46560357.63888889
2016-10-17,638.646,642.898,638.646,641.404,36435858.333333336
2016-10-18,641.631,642.328,638.663,639.197,47798667.708333336
2016-10-19,639.193,640.736,635.996,637.929,58468497.56097561
2016-10-20,637.96,638.874,628.013,630.547,66397501.38888889
2016-10-21,630.52,631.917,628.258,630.986,63470632.29166666
2016-10-22,630.857,634.094,630.694,632.896,55622919.512195125
2016-10-23,632.828,658.197,632.828,656.813,57838451.73611111
2016-10-24,657.294,661.129,653.886,656.902,73660304.8611111
2016-10-25,657.071,657.252,652.595,653.944,54812772.91666666
2016-10-26,653.761,664.424,653.698,657.242,67475012.58741258
2016-10-27,657.588,679.728,657.588,678.486,89195878.81944445
2016-10-28,678.304,688.594,678.04,687.94,99624057.6388889
2016-10-29,688.313,690.444,684.162,689.534,79850239.3728223
2016-10-30,689.651,720.402,689.651,714.681,106329576.14035088
2016-10-31,714.479,714.479,696.475,701.86,121896885.61403508
2016-11-01,701.864,709.289,691.682,701.018,96114875.0
2016-11-02,700.972,736.452,700.972,729.594,110692678.7456446
2016-11-03,729.793,739.182,722.349,739.182,99340571.875
2016-11-04,740.829,745.773,678.156,688.371,112407448.95833331
2016-11-05,688.7,706.93,685.563,703.36,154125034.84320557
2016-11-06,703.235,707.51,697.739,703.454,77267308.01393728
2016-11-07,703.418,714.258,699.56,711.752,53804807.97101449
2016-11-08,711.522,711.522,699.903,702.883,58087954.51388889
2016-11-09,703.131,712.987,702.39,710.075,68798717.07317074
2016-11-10,709.848,740.046,708.61,723.152,119932494.4055944
2016-11-11,723.273,723.273,711.21,715.459,82331480.20833333
2016-11-12,715.534,718.318,714.41,716.418,64807336.2369338
2016-11-13,716.411,717.148,704.035,705.07,61269024.652777776
2016-11-14,705.054,705.257,687.315,702.087,73459926.3888889
2016-11-15,702.031,706.284,699.808,704.59,65292340.972222224
2016-11-16,705.021,715.718,705.021,711.619,66096850.174216025
2016-11-17,711.167,747.615,709.039,744.246,89130043.40277778
2016-11-18,744.198,755.645,739.511,741.351,144202305.55555555
2016-11-19,740.977,752.882,736.89,751.778,90961645.6445993
2016-11-20,751.585,756.237,744.467,751.48,93343541.66666669
2016-11-21,751.616,755.48,717.944,730.999,117640286.1111111
2016-11-22,731.026,741.722,730.51,739.583,118941653.84615384
2016-11-23,739.248,753.87,736.527,751.361,94252221.52777778
2016-11-24,751.347,752.25,738.924,744.58,99204152.0979021
2016-11-25,744.594,746.832,733.49,740.449,75205758.04195805
2016-11-26,740.289,741.617,734.591,741.617,80984567.24738675
2016-11-27,741.649,742.214,729.625,735.614,57619770.73170732
2016-11-28,735.382,739.018,731.085,731.981,50266237.847222224
2016-11-29,732.035,738.006,732.035,735.775,57937868.29268292
2016-11-30,735.813,737.471,734.559,735.704,63371901.38888889
2016-12-01,735.604,747.929,735.604,745.715,71909452.77777778
2016-12-02,745.691,758.275,745.691,756.528,81671993.03135888
2016-12-03,756.774,781.296,756.774,777.709,109233269.3379791
2016-12-04,777.944,778.248,764.856,771.112,93172588.50174215
2016-12-05,771.155,773.52,768.161,773.52,54885559.027777776
2016-12-06,773.872,773.872,751.713,758.674,85394456.09756097
2016-12-07,758.7,765.622,758.7,764.223,107064737.15277778
2016-12-08,764.224,771.543,759.75,768.15,101700798.6111111
2016-12-09,768.132,774.698,765.946,770.964,89858886.1111111
2016-12-10,770.81,774.528,769.649,772.613,72929093.728223
2016-12-11,772.794,777.092,772.794,774.652,58084421.18055555
2016-12-12,774.65,774.798,765.412,769.492,56882951.38888889
2016-12-13,769.731,781.922,769.731,780.178,59464489.54703832
2016-12-14,780.087,788.46,777.962,781.583,85151479.78723404
2016-12-15,780.556,782.034,776.839,781.202,69247122.22222222
2016-12-16,781.481,781.481,777.802,778.29,74894253.47222222
2016-12-17,778.088,785.032,778.088,784.905,85846592.68292683
2016-12-18,784.907,792.509,784.864,790.81,82170994.79166667
2016-12-19,790.829,794.737,788.026,790.248,60669056.597222224
2016-12-20,790.53,793.611,790.32,792.827,63502918.1184669
2016-12-21,792.714,801.337,791.497,801.191,75857992.3611111
2016-12-22,800.876,832.065,799.405,832.065,125354639.93055557
2016-12-23,834.281,875.782,834.149,864.861,196388593.75
2016-12-24,864.54,925.117,864.54,921.468,228715982.5783972
2016-12-25,921.984,923.479,886.335,898.515,202748642.3611111
2016-12-26,898.822,899.652,862.424,896.59,138141725.69444445
2016-12-27,896.183,913.184,896.183,907.04,131722613.24041812
2016-12-28,907.61,940.048,904.255,932.655,123503447.22222222
2016-12-29,933.198,975.781,933.198,975.781,201687708.3333333
2016-12-30,975.921,979.397,954.503,973.589,219961975.69444445
2016-12-31,973.497,973.497,934.833,961.107,200429167.24738675
2017-01-01,961.238,963.599,947.236,963.599,133581848.6111111
2017-01-02,963.743,1003.08,958.699,997.777,97854652.77777778
2017-01-03,998.325,1031.39,996.702,1021.79,187143686.41114983
2017-01-04,1021.75,1044.08,1021.6,1044.08,196321881.94444445
2017-01-05,1043.84,1159.42,1043.84,1153.54,236739190.9722222
2017-01-06,1154.73,1191.1,910.417,1010.62,431154142.3611111
2017-01-07,1013.38,1046.81,883.944,902.201,437660606.271777
2017-01-08,903.487,908.572,823.556,908.572,322390361.1111111
2017-01-09,908.585,942.724,887.249,909.923,198818402.7777778
2017-01-10,911.199,913.686,879.807,903.303,149843198.60627177
2017-01-11,902.828,914.873,901.06,907.59,123322652.77777778
2017-01-12,907.679,919.448,762.765,778.886,188736649.30555555
2017-01-13,777.757,826.246,755.756,805.331,286729264.8083624
2017-01-14,804.834,829.001,780.003,822.841,183620721.2543554
2017-01-15,823.984,835.085,812.456,818.72,135653939.93055555
2017-01-16,818.412,823.307,812.871,821.828,81401579.16666667
2017-01-17,821.798,834.53,820.271,831.325,74078441.81184669
2017-01-18,831.534,910.561,830.796,907.348,119828898.2638889
2017-01-19,907.938,917.499,858.304,882.968,160508503.4722222
2017-01-20,886.618,904.614,884.338,899.444,111160397.91666669
2017-01-21,899.073,899.398,887.008,895.042,93650963.06620207
2017-01-22,895.026,927.367,895.026,921.813,104795164.93055557
2017-01-23,921.789,937.525,897.564,923.612,99935815.97222222
2017-01-24,924.673,928.266,916.738,921.604,93124419.16376306
2017-01-25,921.012,924.145,892.286,892.286,96510647.91666669
2017-01-26,892.687,903.252,891.687,901.297,103423122.91666669
2017-01-27,901.542,919.326,901.542,917.788,119703595.81881534
2017-01-28,917.586,923.223,915.846,919.764,133798916.08391608
2017-01-29,919.75,923.911,919.75,921.583,91621393.75
2017-01-30,921.59,923.418,919.148,919.518,59983756.597222224
2017-01-31,919.496,923.048,919.474,920.728,64508362.02090593
2017-02-01,920.382,972.019,920.382,970.555,111377196.875
2017-02-02,970.403,989.114,970.403,989.114,170890229.6819788
2017-02-03,989.023,1013.52,983.221,1011.67,133897802.78745644
2017-02-04,1011.8,1033.87,1008.79,1028.74,189501097.2222222
2017-02-05,1029.91,1045.9,1015.16,1042.56,156215250.0
2017-02-06,1042.9,1043.63,1022.37,1028.34,133484531.25
2017-02-07,1027.34,1044.64,1027.34,1037.75,113484717.77003483
2017-02-08,1038.15,1061.93,1038.15,1061.26,130379906.25
2017-02-09,1061.35,1078.97,1037.49,1062.99,181550142.3611111
2017-02-10,1063.07,1088.99,953.344,992.935,266473874.56445992
2017-02-11,994.383,998.905,946.691,989.841,320292798.6111111
2017-02-12,988.674,1009.29,982.83,1004.15,138468881.94444445
2017-02-13,1004.45,1004.76,996.921,999.095,77994253.81944445
2017-02-14,999.181,1002.1,976.002,991.026,79602618.46689895
2017-02-15,990.642,1011.51,986.471,1004.58,116930831.8181818
2017-02-16,1004.55,1008.84,1001.58,1007.42,109565172.91666669
2017-02-17,1007.48,1033.37,1007.48,1027.56,100285827.17770036
2017-02-18,1027.44,1053.17,1025.64,1047.24,125479559.02777778
2017-02-19,1046.21,1061.1,1046.21,1054.16,119479334.72222222
2017-02-20,1054.42,1056.81,1043.46,1047.73,84642419.09722222
2017-02-21,1047.87,1080.49,1041.69,1080.49,79101966.55052266
2017-02-22,1079.98,1117.25,1076.93,1115.23,151632350.69444445
2017-02-23,1115.3,1125.39,1100.55,1117.7,158114802.08333334
2017-02-24,1117.44,1176.62,1116.96,1174.63,140449146.34146342
2017-02-25,1166.72,1200.39,1131.96,1173.85,300542034.7222222
2017-02-26,1173.68,1174.85,1124.59,1143.13,196883670.1388889
2017-02-27,1143.84,1167.47,1130.2,1165.57,133125041.66666669
2017-02-28,1165.2,1181.98,1163.38,1179.03,115890369.3379791
2017-03-01,1179.97,1193.25,1171.82,1179.74,166211258.74125874
2017-03-02,1179.97,1221.42,1179.69,1221.42,165318934.0277778
2017-03-03,1222.5,1260.9,1215.62,1251.35,281175104.5296167
2017-03-04,1251.01,1280.31,1250.71,1275.14,371834152.7777778
2017-03-05,1274.99,1279.4,1230.51,1255.71,232846572.91666663
2017-03-06,1255.15,1267.29,1238.06,1267.29,159470829.8611111
2017-03-07,1267.12,1276.0,1264.6,1272.72,136216811.8466899
2017-03-08,1272.83,1275.55,1204.8,1223.8,212690409.7222222
2017-03-09,1223.54,1232.16,1148.08,1151.83,321602125.0
2017-03-10,1150.0,1197.46,1141.23,1188.35,275023898.9547038
2017-03-11,1188.49,1270.47,1077.25,1116.42,270583496.5277778
2017-03-12,1116.72,1193.83,1116.32,1175.21,549515569.4444444
2017-03-13,1175.83,1226.98,1175.36,1221.39,234017260.41666663
2017-03-14,1221.38,1237.37,1217.03,1231.75,309097648.0836237
2017-03-15,1231.92,1244.81,1220.72,1240.06,304416097.2222222
2017-03-16,1240.0,1251.61,1239.75,1249.56,242288902.7777778
2017-03-17,1249.61,1257.98,1152.44,1188.54,477139602.78745645
2017-03-18,1187.81,1187.81,1099.57,1099.57,716295673.6111112
2017-03-19,1100.23,1114.07,957.655,973.313,591856656.25
2017-03-20,973.818,1069.91,973.818,1038.05,558958687.5
2017-03-21,1036.74,1063.03,1036.68,1053.31,342144305.2631579
2017-03-22,1054.23,1122.43,1054.23,1119.92,304371954.8611111
2017-03-23,1120.54,1120.65,1014.21,1049.38,347011225.6944444
2017-03-24,1049.14,1058.01,1028.93,1038.33,309805721.2543554
2017-03-25,1038.59,1040.47,934.358,935.192,335641121.5277778
2017-03-26,937.52,975.761,903.713,974.799,515419753.4722222
2017-03-27,972.779,1007.96,954.186,964.909,336942430.5555556
2017-03-28,966.725,1046.4,966.725,1046.4,324184139.3728223
2017-03-29,1045.77,1064.65,1027.73,1047.49,373652586.8055556
2017-03-30,1047.15,1055.13,1015.88,1039.68,323618635.4166667
2017-03-31,1039.97,1049.29,1020.04,1026.28,294159104.5296167
2017-04-01,1026.43,1074.92,1026.43,1071.45,412114993.0555556
2017-04-02,1071.79,1091.72,1061.09,1080.28,352716725.6944444
2017-04-03,1080.5,1107.59,1075.45,1102.04,329828510.4166667
2017-04-04,1102.17,1151.74,1102.17,1142.26,631703843.2055749
2017-04-05,1143.81,1156.44,1120.52,1132.8,507484461.8055556
2017-04-06,1133.25,1135.09,1113.63,1124.33,372516399.3055556
2017-04-07,1124.78,1188.37,1124.78,1183.28,462829588.8501742
2017-04-08,1182.68,1186.58,1163.39,1176.21,425674375.0
2017-04-09,1176.9,1184.98,1162.58,1175.65,259772184.0277778
2017-04-10,1175.95,1197.21,1171.86,1188.05,195427494.7735192
2017-04-11,1187.87,1190.34,1179.04,1186.58,237790038.19444445
2017-04-12,1187.13,1208.07,1187.13,1205.76,213989114.5833333
2017-04-13,1205.01,1207.14,1196.76,1200.85,238212826.3888889
2017-04-14,1200.37,1205.89,1156.44,1169.01,331760947.73519164
2017-04-15,1169.28,1190.8,1159.79,1167.81,296431496.5277778
2017-04-16,1167.54,1188.0,1164.96,1172.48,218630489.5833333
2017-04-17,1172.52,1187.22,1172.52,1183.19,192055550.5226481
2017-04-18,1182.94,1194.9,1172.65,1193.99,209076972.2222222
2017-04-19,1193.91,1217.57,1193.77,1211.68,272997781.25
2017-04-20,1211.67,1215.51,1205.08,1209.93,249810510.41666663
2017-04-21,1210.29,1240.79,1208.41,1229.01,296555982.5783972
2017-04-22,1229.08,1235.94,1215.56,1221.54,297994753.4722222
2017-04-23,1222.05,1235.56,1208.47,1232.13,239769750.0
2017-04-24,1231.71,1232.2,1203.94,1206.77,267381637.630662
2017-04-25,1207.21,1250.94,1207.21,1250.35,250969298.6111111
2017-04-26,1250.15,1267.58,1249.97,1265.3,225315503.4722222
2017-04-27,1265.49,1294.83,1265.49,1281.09,267342812.5
2017-04-28,1281.08,1319.7,1281.08,1317.93,391933351.9163763
2017-04-29,1317.73,1331.28,1292.37,1316.84,500212295.1388889
2017-04-30,1316.48,1327.2,1315.21,1321.53,458149631.9444444
2017-05-01,1321.79,1347.91,1314.92,1347.91,361906975.6097561
2017-05-02,1347.89,1434.32,1347.89,1422.5,559505677.0833334
2017-05-03,1421.6,1473.9,1415.69,1452.84,627462531.25
2017-05-04,1452.82,1492.77,1447.49,1488.82,473923562.5
2017-05-05,1490.09,1608.91,1490.09,1533.93,726866114.9825784
2017-05-06,1537.67,1618.03,1530.31,1555.89,1041419906.25
2017-05-07,1555.45,1578.7,1542.5,1578.7,730011385.4166666
2017-05-08,1578.8,1596.72,1559.76,1596.72,734935616.1971831
2017-05-09,1596.71,1723.03,1596.71,1723.03,1338145243.0555556
2017-05-10,1723.35,1833.49,1716.3,1754.51,1276492822.9166667
2017-05-11,1755.36,1788.44,1719.1,1780.69,997842652.7777778
2017-05-12,1787.13,1873.93,1755.35,1847.56,847431449.4773519
2017-05-13,1848.57,1856.15,1694.01,1723.97,740455055.5555556
2017-05-14,1724.24,1812.99,1651.08,1796.03,712328076.3888888
2017-05-15,1804.91,1831.42,1776.62,1804.8,462909909.4076655
2017-05-16,1808.91,1812.8,1708.54,1741.64,552691618.0555556
2017-05-17,1738.43,1785.94,1686.54,1735.58,885833211.8055556
2017-05-18,1734.45,1864.05,1661.91,1828.84,1042104329.8611112
2017-05-19,1839.09,1904.48,1810.05,1900.26,929347452.9616724
2017-05-20,1888.65,2004.52,1888.65,1985.77,985780475.6944444
2017-05-21,1987.71,2082.66,1974.92,2075.53,1032247421.6027876
2017-05-22,2084.73,2119.08,2037.5,2042.66,1021048195.1219512
2017-05-23,2041.2,2303.9,2017.87,2149.53,1659823506.9444444
2017-05-24,2173.4,2320.82,2173.4,2320.82,1629465555.5555556
2017-05-25,2320.42,2523.72,2320.42,2447.51,1546131597.2222223
2017-05-26,2443.64,2763.71,2285.3,2323.44,2184829964.412812
2017-05-27,2304.98,2573.79,2071.99,2204.82,2112225243.055556
2017-05-28,2202.42,2260.2,1855.83,2027.72,1806832222.2222223
2017-05-29,2038.87,2267.34,2038.87,2157.05,1430073693.379791
2017-05-30,2155.8,2307.05,2107.17,2248.67,941405114.5833334
2017-05-31,2255.61,2301.96,2124.57,2159.44,1199369798.6111112
2017-06-01,2175.47,2311.08,2145.57,2289.12,1612583333.3333333
2017-06-02,2286.41,2448.39,2286.41,2401.8,1615621010.4529617
2017-06-03,2407.88,2484.62,2373.32,2481.16,1437146944.4444444
2017-06-04,2488.55,2581.91,2423.57,2557.05,1357441736.1111112
2017-06-05,2515.35,2585.89,2452.54,2522.07,1512326341.463415
2017-06-06,2511.81,2681.97,2510.22,2679.51,1263812083.3333333
2017-06-07,2686.81,2999.91,2686.81,2868.07,1904174738.6759584
2017-06-08,2863.2,2869.38,2700.56,2735.64,1651149107.142857
2017-06-09,2732.16,2815.3,2670.95,2805.79,1449076620.2090592
2017-06-10,2805.62,2901.71,2795.62,2813.33,1261414618.0555556
2017-06-11,2823.81,2950.99,2746.55,2950.99,1607817465.2777777
2017-06-12,2947.71,2996.6,2840.53,2964.08,2008677202.7972028
2017-06-13,2958.11,2997.26,2518.56,2672.34,1975583680.555556
2017-06-14,2659.63,2789.04,2650.38,2720.72,2372858710.801393
2017-06-15,2717.02,2786.83,2412.94,2502.58,1594579583.3333333
2017-06-16,2506.37,2534.71,2212.96,2459.19,1901055540.0696864
2017-06-17,2464.58,2539.92,2385.15,2519.58,1610873750.0
2017-06-18,2518.56,2685.19,2484.96,2656.57,1342702752.6132405
2017-06-19,2655.88,2662.1,2516.33,2547.97,1388967874.56446
2017-06-20,2548.29,2610.3,2548.29,2594.12,1237458432.0557492
2017-06-21,2589.6,2763.45,2589.6,2718.49,1575387560.9756098
2017-06-22,2721.79,2772.01,2660.4,2693.21,1743498571.4285717
2017-06-23,2689.1,2723.74,2642.36,2704.41,1417746458.3333333
2017-06-24,2705.41,2765.17,2705.41,2740.77,1033497982.6388888
2017-06-25,2744.91,2757.94,2583.19,2610.05,926337222.2222222
2017-06-26,2608.72,2682.26,2552.12,2589.86,1022550449.122807
2017-06-27,2589.41,2615.25,2376.29,2421.54,1288583864.5418327
2017-06-28,2478.45,2536.53,2332.99,2536.53,1568822403.1007752
2017-06-29,2552.45,2603.98,2484.42,2582.24,1368180714.2857144
2017-06-30,2574.79,2588.83,2510.48,2541.86,1075823951.2195122
2017-07-01,2539.32,2559.25,2478.43,2483.7,937901392.3611112
2017-07-02,2480.84,2515.27,2419.23,2435.57,816500590.2777778
2017-07-03,2434.55,2514.28,2394.84,2511.31,774739707.3170732
2017-07-04,2506.47,2595.0,2480.47,2567.0,885058337.979094
2017-07-05,2564.06,2631.59,2559.35,2602.27,984523239.5833334
2017-07-06,2601.64,2622.65,2538.55,2602.12,940907729.1666666
2017-07-07,2601.99,2616.72,2581.69,2610.6,855108846.6898955
2017-07-08,2608.56,2916.14,2498.87,2520.75,795842916.6666666
2017-07-09,2518.66,2569.84,2492.31,2567.87,860610090.2777778
2017-07-10,2571.34,2635.49,2517.59,2517.59,604168879.5620438
2017-07-11,2518.44,2537.16,2321.13,2366.4,678839627.6595745
2017-07-12,2372.56,2413.47,2296.81,2340.78,1409258055.5555556
2017-07-13,2337.79,2423.71,2275.14,2399.01,1122298913.7055838
2017-07-14,2398.84,2425.22,2340.83,2360.24,1010762498.2332156
2017-07-15,2357.9,2363.25,2183.22,2226.36,767717547.0383276
2017-07-16,2233.34,2233.34,1990.41,2007.37,986982045.1388888
2017-07-17,1998.86,2058.77,1843.03,1922.72,1033100534.7222222
2017-07-18,1929.82,2230.49,1929.82,2225.04,1167305540.0696864
2017-07-19,2228.41,2387.61,2164.77,2329.8,1294231597.2222223
2017-07-20,2318.88,2397.17,2260.23,2283.08,1460736006.9444444
2017-07-21,2273.43,2900.7,2269.89,2801.6,1435910381.9444444
2017-07-22,2817.6,2838.41,2621.85,2665.27,2279173832.752613
2017-07-23,2667.76,2862.42,2657.71,2810.37,1159568854.1666667
2017-07-24,2810.12,2832.18,2653.94,2731.29,1177193750.0
2017-07-25,2730.4,2777.26,2699.19,2757.5,901618210.3174604
2017-07-26,2754.86,2768.08,2480.96,2571.07,1128623986.1111112
2017-07-27,2576.48,2610.76,2450.8,2527.5,1225483802.0833333
2017-07-28,2529.45,2693.32,2529.34,2671.57,779155975.6944444
2017-07-29,2671.78,2897.45,2671.78,2809.01,1187123459.9303136
2017-07-30,2807.02,2808.76,2692.8,2729.69,1040785760.4166666
2017-07-31,2726.45,2758.53,2644.85,2752.85,728973611.1111112
2017-08-01,2757.18,2889.62,2720.61,2872.31,703399926.8292683
2017-08-02,2875.34,2921.35,2685.61,2713.63,1094064902.7777777
2017-08-03,2718.26,2762.53,2668.59,2711.93,1232875833.3333333
2017-08-04,2710.67,2813.31,2685.14,2802.24,944016937.5
2017-08-05,2804.73,2899.33,2743.72,2899.33,951906801.3937284
2017-08-06,2895.89,3290.01,2874.83,3253.94,1595063562.5
2017-08-07,3252.91,3293.29,3155.6,3218.02,1406395868.0555556
2017-08-08,3213.94,3397.68,3180.89,3374.01,1213881289.1986065
2017-08-09,3378.94,3484.85,3345.83,3419.01,1658408784.7222223
2017-08-10,3419.94,3422.76,3247.67,3345.37,1624614652.7777777
2017-08-11,3342.47,3453.45,3319.47,3391.23,1378263090.2777777
2017-08-12,3381.28,3679.72,3372.12,3654.33,1772835958.1881533
2017-08-13,3650.62,3949.92,3613.7,3883.17,2129099166.6666667
2017-08-14,3884.71,4208.39,3857.8,4062.87,2929857152.7777777
2017-08-15,4073.26,4323.7,3989.16,4306.43,2774568327.5261326
2017-08-16,4325.13,4455.97,3906.18,4181.96,2925089895.833333
2017-08-17,4181.93,4381.23,3994.42,4374.59,2602043645.833333
2017-08-18,4376.63,4484.7,4243.71,4349.1,2291049128.919861
2017-08-19,4331.69,4370.13,4015.4,4128.86,2659080208.333333
2017-08-20,4160.62,4243.26,3970.55,4202.15,3055205365.8536587
2017-08-21,4193.7,4196.29,4069.88,4108.93,2491604548.611111
2017-08-22,4087.66,4109.14,3988.6,4001.47,2392424790.20979
2017-08-23,4001.74,4128.76,3674.58,4099.95,3542738784.7222223
2017-08-24,4100.52,4255.78,4078.41,4149.94,2621162673.611111
2017-08-25,4151.52,4376.39,4130.26,4346.28,2162524808.362369
2017-08-26,4334.68,4455.7,4307.35,4367.18,1975388888.8888888
2017-08-27,4371.6,4379.28,4269.52,4333.51,1594584895.8333333
2017-08-28,4352.4,4416.59,4317.29,4379.94,1494478105.2631578
2017-08-29,4382.88,4403.93,4224.64,4381.98,1753622902.097902
2017-08-30,4382.66,4625.68,4352.13,4576.33,2085864444.4444444
2017-08-31,4579.02,4626.52,4471.41,4568.66,2360344930.555556
2017-09-01,4565.3,4736.05,4549.4,4704.98,1864586485.5072465
2017-09-02,4703.39,4886.73,4678.53,4879.76,2163654131.9444447
2017-09-03,4892.01,4975.04,4469.24,4568.28,2868830489.510489
2017-09-04,4578.77,4714.08,4417.59,4581.11,2178595381.9444447
2017-09-05,4582.96,4591.63,4108.4,4224.22,2348947437.72242
2017-09-06,4236.31,4427.84,3998.11,4384.54,3052981468.5314684
2017-09-07,4376.53,4617.25,4376.53,4593.39,2368508611.111111
2017-09-08,4597.12,4655.04,4491.33,4603.03,1932914424.460432
2017-09-09,4599.88,4661.0,4075.18,4224.81,1993160104.1666667
2017-09-10,4228.75,4308.82,4114.11,4232.76,2366424668.989548
2017-09-11,4226.06,4245.44,3951.04,4122.58,1517856376.30662
2017-09-12,4122.94,4261.67,4099.4,4163.2,1617781631.2056737
2017-09-13,4161.27,4344.65,4085.22,4141.68,1638364300.6993008
2017-09-14,4130.81,4131.98,3789.92,3880.49,2072152291.6666667
2017-09-15,3882.59,3920.6,3153.86,3153.86,2256522334.4947734
2017-09-16,3154.95,3733.45,2946.62,3638.95,3639263614.035088
2017-09-17,3637.52,3808.84,3487.79,3620.74,3077740069.93007
2017-09-18,3625.04,3664.81,3445.64,3583.22,1441625454.5454545
2017-09-19,3582.88,4079.23,3582.88,4056.1,1645700807.0175438
2017-09-20,4065.2,4094.07,3868.87,3928.4,1705764201.3888888
2017-09-21,3924.97,4031.39,3857.73,3917.47,1397132222.2222223
2017-09-22,3905.95,3916.42,3613.63,3631.03,1233677824.5614035
2017-09-23,3631.04,3758.27,3553.53,3635.53,1383438881.1188812
2017-09-24,3630.7,3819.21,3594.58,3796.46,1089044670.1388888
2017-09-25,3792.4,3796.15,3666.9,3689.71,842150277.7777778
2017-09-26,3682.84,3950.25,3681.58,3923.13,1050890993.006993
2017-09-27,3926.07,3969.89,3869.9,3894.73,1228778118.466899
2017-09-28,3892.35,4210.05,3884.82,4199.28,1274666875.0
2017-09-29,4200.67,4279.31,4109.7,4177.53,1848732125.43554
2017-09-30,4174.73,4192.72,4039.29,4128.299490565,1474570557.771083
2017-10-01,4128.602804312,4320.661176706,4125.15126162,4312.820212865,995838914.766492
2017-10-02,4313.690410394,4367.362509482,4258.475163505,4361.139973296,1043389065.9615016
2017-10-03,4362.540620199,4446.342068193,4361.270625569,4384.188461181,1177332863.796909
2017-10-04,4378.062350494,4466.306182269,4237.159334662,4311.980090613,1146606607.6652026
2017-10-05,4312.216362355,4337.574575956,4206.295820913,4235.080828484,974139815.3878238
2017-10-06,4237.438691778,4348.467991605,4157.650335284,4311.095697472,992029104.0912898
2017-10-07,4308.291187787,4392.401416326,4296.675659011,4349.048323372,962450001.9424514
2017-10-08,4347.018631253,4416.203923347,4312.669461014,4401.216587405,781030762.5999701
2017-10-09,4399.840561695,4605.822534738,4391.704577084,4594.79146643,919376108.2928388
2017-10-10,4595.593790925,4867.038072056,4462.819314072,4778.265492237,1437590264.331391
2017-10-11,4778.16836386,4919.27935897,4577.272431316,4770.680471294,1844579888.534621
2017-10-12,4776.845908691,4940.049640727,4742.077525492,4813.907853771,1376093088.5583692
2017-10-13,4817.774915707,5454.956615427,4809.467690141,5451.116000713,1567842029.4351718
2017-10-14,5474.284930646,5827.686133231,5443.231414249,5648.555273456,3153824603.685932
2017-10-15,5645.575943763,5809.264078376,5591.199516621,5794.824898453,1828047911.49414
2017-10-16,5809.644088943,5834.511811084,5451.573759303,5671.364511749,1224709413.4018707
2017-10-17,5682.169341059,5749.304719946,5570.774781045,5715.959489158,1868309529.009332
2017-10-18,5724.27654055,5731.292042678,5447.921209153,5608.72041308,1674450922.6645887
2017-10-19,5611.877991376,5611.877991376,5157.86648097,5586.322399706,1765142429.118285
2017-10-20,5579.595965387,5720.290661305,5520.490616606,5666.941921215,2003847685.4812453
2017-10-21,5668.162861525,6039.676943382,5613.489698873,6000.942901889,1661760080.0462751
2017-10-22,5990.353327021,6188.334969636,5960.34793276,6035.445672707,2357226249.417167
2017-10-23,6035.40672462,6083.978976363,5763.931731545,6018.877566805,2075433694.174529
2017-10-24,6012.756880222,6071.358448299,5694.409326599,5946.926591898,1919863137.889753
2017-10-25,5929.837026616,5929.837026616,5505.114632019,5526.928735913,2982315189.533664
2017-10-26,5527.282209773,5727.942644134,5394.936588464,5725.302354213,2133954216.7710505
2017-10-27,5720.446474631,5955.709382936,5684.729787348,5897.44143375,1826168891.6167548
2017-10-28,5899.190788484,5981.333650661,5722.633627025,5752.4485646,1816195876.8935373
2017-10-29,5757.659835165,5854.622466458,5664.157128401,5739.102224984,1469730114.5554504
2017-10-30,5749.563998586,6216.524432728,5728.870270094,6146.589797876,1602732524.7408447
2017-10-31,6124.058615846,6168.496593142,5996.44095039,6086.122428903,2191261217.655542
2017-11-01,6079.307558216,6443.118173836,6038.268904191,6443.118173836,1610869661.4619975
2017-11-02,6433.49785799,6751.169850192,5828.476859231,6751.169850192,2422158632.5313272
2017-11-03,6755.903777062,7461.508550247,6755.903777062,7083.6023655,3650530786.538829
2017-11-04,7085.737224116,7435.765574742,6994.68355965,7207.199066492,3709943045.78446
2017-11-05,7210.187115007,7474.3317842,7086.198730401,7391.414501478,2663039123.769735
2017-11-06,7394.381478481,7618.518167368,7325.719049021,7392.794234066,1991166333.1854887
2017-11-07,7402.650704073,7461.217988597,7046.31279989,7046.31279989,2520722367.671421
2017-11-08,7048.212497433,7278.11100612,7048.212497433,7168.998589105,2605319540.770456
2017-11-09,7161.255830963,7732.574136008,7136.077818823,7486.64879677,2603250960.664064
2017-11-10,7470.06912418,7470.06912418,7109.098796218,7149.000472163,4128846790.458932
2017-11-11,7179.91194145,7379.149901849,6447.167476084,6613.680938331,3677208837.928492
2017-11-12,6598.365157773,6862.041484515,6279.384685243,6356.625594187,5021218783.006669
2017-11-13,6355.853306399,6480.458934519,5614.214077563,5991.383038848,3190841731.7338734
2017-11-14,5989.778473489,6850.464043522,5948.677376189,6577.853346834,4220355222.0873775
2017-11-15,6581.989102629,6780.150295617,6476.23923771,6647.346079806,4029832335.5824056
2017-11-16,6647.507719863,7362.400701481,6647.507719863,7322.818342661,3292612975.997738
2017-11-17,7336.675526412,7950.359952508,7199.878647209,7849.171538248,3838014141.38426
2017-11-18,7858.644663859,8010.473776451,7562.14573717,7738.847173785,4169241053.765207
2017-11-19,7705.225707443,7844.769045216,7471.536430323,7786.062737767,4020111615.273816
2017-11-20,7775.150351337,8043.240302154,7654.556186671,8023.985992887,2603344061.487061
2017-11-21,8014.61564605,8260.812429177,7925.767371356,8216.796397136,2889658370.712026
2017-11-22,8211.555402853,8332.168952485,7812.695462267,8100.19521598,3930337074.264238
2017-11-23,8111.756928187,8298.527602996,8099.010105746,8235.703376596,3221352828.0411453
2017-11-24,8227.363928054,8259.84958766,8079.707292324,8079.707292324,3341993773.682932
2017-11-25,8070.247953901,8379.714926737,7971.92537997,8268.087281862,4071299796.690899
2017-11-26,8264.411949629,8820.874113671,8225.061712247,8820.874113671,3764586979.14704
2017-11-27,8810.907356877,9533.163069933,8807.993351472,9359.825973887,4253796435.542221
2017-11-28,9372.693821919,9849.762582817,9362.589888209,9845.460026237,4702641439.374751
2017-11-29,9848.886054634,10191.743676812,9784.573314,10165.721114119,4680883317.284536
2017-11-30,10169.643284032,11498.106119672,9380.151451218,9780.735747872,6568561632.136984
2017-12-01,9928.125211352,10819.727722929,9279.648580659,10273.825569864,9672067533.355867
2017-12-02,10215.701153937,11026.034874911,9685.536842903,10967.664817444,6944962388.94359
2017-12-03,10957.085129307,11336.667286894,10864.034387152,11052.132884524,5508931178.211247
2017-12-04,11048.835144428,11823.20125446,10842.238446681,11304.617026381,4439198029.604816
2017-12-05,11318.919770069,11645.096035778,11073.096940763,11645.096035778,5876343718.352763
2017-12-06,11665.227599752,11985.21486209,11595.802603823,11896.907904795,5704204856.887611
2017-12-07,11874.395923311,14076.491858909,11874.395923311,14063.249148977,8248840472.691519
2017-12-08,14060.914971738,18074.175480727,13771.221810388,18074.175480727,13326830861.232067
2017-12-09,18057.850487517,18524.471448559,14548.940846859,16592.803823287,16565034661.687696
2017-12-10,16578.11273996,16758.600041108,13516.391263554,15082.847365234,11568857443.69815
2017-12-11,15159.236376816,15913.390065812,13161.048339075,15565.861910816,10291186742.55354
2017-12-12,15322.77282757,17501.262183726,15322.77282757,16774.994581389,11387045739.000189
2017-12-13,16841.086566729,17416.953042306,16065.167992079,16798.025540273,10571922382.66726
2017-12-14,16819.041039848,16938.01769564,15757.988245315,16225.024397943,11262015467.431816
2017-12-15,16245.233910544,16830.664783027,15952.802267361,16454.932615977,10943444493.866903
2017-12-16,16456.756296301,18037.339896708,16450.685630241,17650.289757329,12710750385.058165
2017-12-17,17663.904828516,19634.974416421,17476.876357251,19427.474509164,9276249144.22162
2017-12-18,19417.860788762,19927.185336626,18860.385714703,19156.710367786,11897297708.143185
2017-12-19,19184.874580834,19257.121229801,18285.145613971,18931.204938959,11756211908.461891
2017-12-20,18969.614240256,19187.677925234,17249.070313747,17700.778424238,13477194445.889875
2017-12-21,17713.380966756,17936.128139459,16011.891164051,16599.691361082,17654903176.803185
2017-12-22,16632.217993327,17469.542480621,14987.566488979,15621.411719764,16452025087.303137
2017-12-23,15609.624800956,15883.312989692,11453.81051494,13693.825728522,16533427871.118507
2017-12-24,13784.652173892,15732.368125741,13647.821543621,14181.532063374,15948239607.746325
2017-12-25,14159.446340004,14976.380227885,12155.933488041,13812.876812572,10635564244.444635
2017-12-26,13868.871856886,14663.416829383,13044.101982054,13965.211657038,9706645690.309689
2017-12-27,13967.014433086,16408.580197638,13877.437734197,16101.495551933,10838918040.495125
2017-12-28,16076.9073565,17398.005999463,14692.586756247,15783.753081556,11113068163.24386
2017-12-29,15536.644409597,15805.690990186,13869.467088288,14432.831059998,11081659460.095589
2017-12-30,14600.370233856,15246.859046803,14283.942978551,14598.572319084,10934752171.173264
2017-12-31,14594.7681588,14597.772283242,11963.480302022,12732.356011521,12985849499.113476
2018-01-01,12596.018572226,14298.865844503,12395.289474931,14033.567993366,11818683013.594135
2018-01-02,14046.002763769,14521.965544256,12980.811131472,13577.188554957,9527935461.62658
2018-01-03,13644.693035103,15468.208138312,13195.873515272,14938.176676247,11519263413.096798
2018-01-04,14895.27536735,15646.498637585,14470.737671493,15079.15218495,15486225672.354582
2018-01-05,15168.972365175,16708.709266664,14286.669853351,15163.898947535,17853763690.763954
2018-01-06,15197.764745391,17161.635003707,14878.0481744,16989.161481747,19609983790.01868
2018-01-07,17025.656424047,17179.033573147,16336.056215275,17162.016412946,18955266190.68127
2018-01-08,17147.576402894,17147.576402894,15811.120768799,16515.287371965,14928537112.943417
2018-01-09,16265.340844756,18578.493142396,13940.416001941,15218.632857746,15332152745.846205
2018-01-10,15190.761147069,16153.556214671,14491.073050464,14710.596362322,16217162079.831575
2018-01-11,14705.367542398,15065.002517675,13822.149498706,15065.002517675,15928534701.27195
2018-01-12,15120.84411144,15152.804514005,13113.737744593,13501.981444344,15709420580.7026
2018-01-13,13571.758126006,14364.992142127,13108.291157969,14089.112033817,12799444154.485205
2018-01-14,14066.981282517,14807.729008217,14066.981282517,14552.77603151,11643386357.614544
2018-01-15,14535.057286259,14661.400704008,13123.356032067,13815.429666612,11121051176.190731
2018-01-16,13787.98920627,14929.667351109,13663.142424701,13769.216435276,10282025656.507347
2018-01-17,13797.975542571,14430.170952945,9963.10119158,11445.849644238,12240679658.271193
2018-01-18,11284.388635522,11750.695241382,9300.527455183,11139.592088881,15748924942.634665
2018-01-19,11201.992361192,12348.932376726,10755.679508422,11305.307396791,15847953323.94424
2018-01-20,11209.291941978,12140.061615752,10839.803032519,11517.129950568,11002606473.272768
2018-01-21,11571.617873758,13482.691244303,11571.617873758,12961.205660273,9405841903.812668
2018-01-22,12982.920751349,12982.920751349,11241.295911277,11481.025132436,8556846220.196241
2018-01-23,11529.521821363,11950.617668728,10164.073082741,10917.306414711,8135625786.554952
2018-01-24,10917.290839889,11335.215751995,10113.380400145,10800.472615701,9191153509.349249
2018-01-25,10821.591111563,10821.591111563,10821.591111563,10821.591111563,8473730459.792883
2018-01-26,11353.62685415,11730.745604714,11027.005448015,11219.436704426,8775510518.345148
2018-01-27,11203.60858273,11668.426452127,10406.809045045,11123.950152867,7926703935.633349
2018-01-28,11112.817847687,11648.848042101,10943.323711993,11446.468733025,7210080913.511119
2018-01-29,11492.650190852,12113.076354227,11460.249891942,11865.231885092,6719212830.429968
2018-01-30,11778.744249792,11924.955295137,11235.995908096,11348.083790888,4406818761.117681
2018-01-31,11365.345139521,11366.824017724,10003.928921889,10084.495241595,4488869928.002429
2018-02-01,10104.971872028,10421.662696687,9755.96851799,10236.675068931,5056861149.342998
2018-02-02,10269.843886839,10332.946065138,8700.332594602,9171.249368766,4557095326.886569
2018-02-03,9118.231270487,9127.685960842,7588.546350746,8768.328114939,5511338158.356583
2018-02-04,8763.536968439,9417.790992471,8173.7299468,9191.270887881,4856472806.499911
2018-02-05,9198.067913658,9351.571884294,7986.357858902,8256.583798421,3993493752.468197
2018-02-06,8215.505812363,8343.181452195,6665.107706126,6905.959542551,4795001556.727061
2018-02-07,6910.997302186,7888.143212961,5963.239119047,7768.942754801,5255682912.8747225
2018-02-08,7714.07310376,8503.327576797,7221.330450407,7587.933554388,5174580851.487187
2018-02-09,7569.867386754,8587.375056937,7569.867386754,8256.155151159,4511057946.2046
2018-02-10,8266.287000352,8708.001259213,7850.112866102,8684.106762449,4374319140.231988
2018-02-11,8697.342477143,9080.513089875,8282.274355868,8624.238537612,4794961601.208557
2018-02-12,8624.258121035,8624.258121035,7914.921550101,8099.307365642,3776449040.8718176
2018-02-13,8120.351924296,8968.577272289,8120.351924296,8863.25280634,3543127386.7016563
2018-02-14,8887.228306759,8906.177327189,8424.412410662,8577.572063714,3616243668.162392
2018-02-15,8564.700308406,9518.54,8564.700308406,9505.15,6626407147.129945
2018-02-16,9494.63,10183.839544352,9408.506508827,10117.074989492,4739907420.80256
2018-02-17,10091.750212088,10275.012369206,9811.975773487,10245.308854663,4465120674.479241
2018-02-18,10234.612793074,11123.134450644,10164.864839284,11095.608602104,4558021813.753084
2018-02-19,11124.360485028,11326.127511759,10338.069950572,10576.175563517,5158247526.95291
2018-02-20,10562.644468981,11224.553488527,10512.369514952,11191.902658673,4101946824.884008
2018-02-21,11197.759777513,11976.619483523,11197.759777513,11446.215061411,4769640709.915539
2018-02-22,11436.166476281,11436.166476281,10502.252235985,10680.361706517,5508367041.895931
2018-02-23,10691.350530395,11034.671353368,9913.997706791,9987.171846325,5331192808.404261
2018-02-24,9972.72335964,10493.769149903,9732.257318424,10348.067628802,4784103251.902329
2018-02-25,10328.567370931,10605.869417366,9593.227151294,9843.276427204,3787518210.302915
2018-02-26,9844.516789724,9958.130899873,9413.022290432,9699.647408137,3265197229.414529
2018-02-27,9703.321915886,10481.370878649,9513.12294083,10371.772676836,3261955537.9735403
2018-02-28,10388.882339564,10913.296357158,10256.804875528,10736.490533616,3915484543.412996
2018-03-01,10727.535133876,11085.824873453,10402.007260873,10412.024007874,3642202553.587127
2018-03-02,10423.581475732,10974.716730809,10375.265795632,10929.765497461,3441035104.338815
2018-03-03,10920.662074394,11157.479571807,10724.630823023,11095.091955664,4030692043.948858
2018-03-04,11094.237419658,11531.368984275,11094.237419658,11494.898944222,3526443821.1412497
2018-03-05,11497.564316573,11516.383565834,11144.735675761,11516.383565834,3861373865.898048
2018-03-06,11502.666673068,11622.503172979,11394.627184642,11527.568787431,4219752283.908359
2018-03-07,11520.402454973,11520.402454973,10637.819708432,10697.57229427,4804420267.106466
2018-03-08,10721.475282301,10869.53870738,9701.563390344,9968.268316381,5234978812.590111
2018-03-09,9971.758251061,10139.850278964,9338.281974814,9433.592923413,4793198292.940542
2018-03-10,9411.715540851,9479.824937494,8497.330821622,9345.521676052,4328631178.029565
2018-03-11,9339.626812522,9525.484269799,8821.456070162,8894.85712022,4505811284.202061
2018-03-12,8856.718881049,9704.329233795,8581.458152794,9570.367448236,4665413193.991818
2018-03-13,9557.854232694,9893.08361319,8803.801209847,9216.378705589,5058109366.785478
2018-03-14,9179.776981508,9481.70819159,8948.052187409,9208.440502074,5095834459.8423
2018-03-15,9206.908110717,9352.331545373,8036.245910917,8262.032897029,4034218467.208438
2018-03-16,8255.725415537,8417.992103622,7750.225412497,8291.944665773,5294581212.122477
2018-03-17,8302.595689134,8570.713787447,7982.803113989,8315.139162841,4153900849.21764
2018-03-18,8294.104092354,8325.924047407,7795.179879926,7906.383969743,4224100753.480192
2018-03-19,7912.658935325,8232.483152026,7364.223838206,8092.439641691,4628590454.301849
2018-03-20,8195.616341537,8662.302735016,8153.675879633,8588.661985749,5074015987.8789
2018-03-21,8620.287305561,9045.588197675,8369.279766327,8892.783654103,4501108575.652147
2018-03-22,8907.399598381,9173.541313476,8862.636693779,8978.018989541,4432036552.374764
2018-03-23,8970.660358236,9104.403920285,8570.975758139,8721.57,3735442600.6573567
2018-03-24,8728.47,8865.051157414,8342.776072565,8865.051157414,4026875184.2475977
2018-03-25,8923.404782927,9002.746568517,8634.654030499,8661.018753079,3067943937.3540545
2018-03-26,8554.421564965,8680.428839237,8425.566950814,8466.556129044,3029683211.9522142
2018-03-27,8453.806862484,8522.628689775,7907.885470135,8187.383924464,2833668579.5105386
2018-03-28,8171.701764094,8210.957189012,7786.080921586,7828.22173159,3702257445.232483
2018-03-29,7821.605869561,8097.640956816,7791.30308437,7954.826953349,3173707435.987881
2018-03-30,7947.62755735,7976.070834878,7010.869710712,7178.058622813,3386756377.237025
2018-03-31,7154.016617403,7256.653696904,6665.141403198,6880.453143775,4781184232.515512
2018-04-01,6875.890211418,7188.225640209,6842.08021798,6955.124517538,4072365790.6569343
2018-04-02,6959.890619635,7054.477479687,6506.022091086,6830.630577316,3598865261.866427
2018-04-03,6841.725764416,7116.9356845,6806.530092794,7061.622525898,3914063316.877072
2018-04-04,7066.360264855,7521.805049919,7053.685669768,7454.691790393,4155294223.941801
2018-04-05,7454.194480807,7454.194480807,6791.910366522,6840.936109893,4231706034.988416
2018-04-06,6844.005785453,6936.155483977,6651.188593663,6819.726657106,4403251763.522565
2018-04-07,6796.855663533,6869.360103371,6601.406734071,6637.296686235,3711281114.355923
2018-04-08,6640.309470519,7037.930491344,6637.54156298,6894.151859073,3240556397.7189403
2018-04-09,6898.345032954,7076.715293438,6898.345032954,7000.923354625,3056918181.447544
2018-04-10,7013.715303761,7155.497903783,6663.30851726,6772.871609032,3560325736.664332
2018-04-11,6782.532082976,6876.318024906,6710.130736696,6844.301557074,3585817439.024414
2018-04-12,6845.560832212,6946.72149145,6832.638659323,6932.843296341,3484554527.370305
2018-04-13,6933.971966124,7824.357865721,6788.545634357,7821.822516784,5569495530.073335
2018-04-14,7821.364048725,8124.051804321,7698.959083191,7866.931622664,7108692314.5582285
2018-04-15,7862.97915655,8084.181205753,7806.771553998,7910.243775102,5221454291.820428
2018-04-16,7931.478615367,8313.382621504,7927.418850318,8301.987534486,4064566540.138589
2018-04-17,8306.241710004,8344.618512825,7899.380607325,8038.471104588,4364099389.488306
2018-04-18,8042.520382416,8126.352751841,7856.158341611,7889.503630474,4617797211.778915
2018-04-19,7898.148906651,8168.591183808,7888.236331363,8133.862763488,5174175282.725691
2018-04-20,8137.721564119,8284.837636099,8108.010267689,8280.643109928,5571921609.662269
2018-04-21,8279.071885016,8872.53251671,8247.720146658,8813.044081412,5856252722.490644
2018-04-22,8831.324167528,8961.90220134,8631.505469677,8884.348603911,6592572345.596165
2018-04-23,8890.882431127,8959.354943453,8766.335741868,8787.210205792,5388898212.038859
2018-04-24,8785.307707704,8966.254422322,8775.238204718,8924.023356307,5577263962.682184
2018-04-25,8927.498952717,9715.110087646,8924.774677074,9715.110087646,7015588899.813644
2018-04-26,9689.429015472,9745.085959592,8828.361916339,8846.751894883,9496007199.258211
2018-04-27,8858.958858584,9274.510917015,8698.795549002,9268.527836866,7840135344.800649
2018-04-28,9272.68850891,9364.296827707,8970.449550854,8974.089790534,6420471433.755679
2018-04-29,8945.682032015,9402.661887865,8905.423788527,9337.281362637,6044135769.568152
2018-04-30,9337.929478299,9519.119728571,9194.490547479,9413.40930469,6578695509.1461735
2018-05-01,9412.933156562,9463.94025988,9173.147998396,9240.335679495,6189381726.745168
2018-05-02,9253.083882874,9253.083882874,8881.779113875,9096.810021871,6156448195.898472
2018-05-03,9084.637928461,9244.47783939,8996.732769032,9236.704388957,4980811639.294956
2018-05-04,9236.410635499,9807.420823607,9186.736181493,9769.29029264,6010894136.378407
2018-05-05,9758.94385267,9790.00623478,9597.486912472,9718.724265271,6816067136.573046
2018-05-06,9714.030902412,9972.750074274,9708.097850641,9864.060648696,5831668636.078925
2018-05-07,9869.313498486,9960.40872297,9495.756447446,9666.853489071,5579263731.540215
2018-05-08,9673.823718897,9679.398283406,9256.524550388,9372.87800412,5126629695.110314
2018-05-09,9380.792342012,9468.199602424,9136.383479152,9233.687914131,5187265753.795841
2018-05-10,9232.346558206,9384.380916193,9074.433276642,9327.374046577,5229298823.615705
2018-05-11,9314.428561457,9393.068048204,9037.392111957,9037.392111957,5032109490.297594
2018-05-12,9040.788664552,9040.788664552,8394.76746297,8422.663809755,5789182783.718333
2018-05-13,8416.407227841,8640.19705144,8196.315735074,8488.213129483,5465653039.497356
2018-05-14,8488.707530407,8753.425965701,8376.21910193,8699.820502933,4329079560.403619
2018-05-15,8696.818046123,8895.462875722,8347.174977365,8740.312767923,5019113653.882912
2018-05-16,8735.400032204,8832.72290218,8477.513110566,8515.70113433,5366406569.286464
2018-05-17,8508.251974499,8508.674225949,8164.50493598,8343.900225706,5131375183.098747
2018-05-18,8341.615725326,8408.350501548,8054.71466031,8088.947899194,4471142637.654744
2018-05-19,8093.347179942,8258.631884202,7968.007687838,8236.681883593,4472415561.77629
2018-05-20,8236.02240278,8338.416559235,8160.754424617,8225.333518556,3931791516.723238
2018-05-21,8232.481806821,8538.388398431,8177.724729808,8499.122900226,3622202463.385024
2018-05-22,8504.392245727,8536.846506431,8353.567838539,8399.115042185,3892425909.513094
2018-05-23,8398.980741383,8398.980741383,8016.111591945,8032.093710758,3751166478.6618953
2018-05-24,8021.527115451,8050.003180465,7525.488247962,7570.538188039,4347099237.87214
2018-05-25,7558.332248074,7740.093094955,7340.474586303,7576.278751944,4962607292.142311
2018-05-26,7597.498837309,7649.03106349,7397.19078942,7488.63722059,4140362593.80529
2018-05-27,7483.923186515,7574.745396445,7344.829727195,7349.788651908,3196176483.886512
2018-05-28,7358.682109051,7380.225321265,7269.543823627,7363.936760174,3037874870.6619616
2018-05-29,7366.64777523,7442.193014039,7141.115481176,7149.250597223,3215107342.645699
2018-05-30,7148.382787397,7530.365297941,7108.097718043,7474.562016474,3815081591.776013
2018-05-31,7475.380975127,7572.028923792,7330.9415028,7411.621917051,3899968538.104636
2018-06-01,7410.996883153,7588.941668177,7361.209308722,7504.038586976,3635904694.014932
2018-06-02,7503.960275241,7590.623838226,7411.831128257,7525.473796775,3534811211.334462
2018-06-03,7520.809781437,7659.692451349,7481.281344806,7588.637727714,3506255999.625372
2018-06-04,7586.635658935,7709.254871346,7567.496422821,7684.931799179,3988066391.916733
2018-06-05,7687.675751763,7709.043781258,7473.489414432,7505.890508055,3930562178.7105055
2018-06-06,7504.61258223,7628.660710951,7407.33775354,7612.11517624,3615936275.2699337
2018-06-07,7611.859043556,7645.242998408,7501.760893237,7577.593404507,3324816448.420833
2018-06-08,7576.087612329,7711.707126213,7576.087612329,7654.789136027,3371952934.700253
2018-06-09,7659.86399996,7677.59749411,7564.965086893,7622.637061001,2974280008.599861
2018-06-10,7624.284000169,7658.105197332,7559.667408968,7559.667408968,2724319399.4094253
2018-06-11,7563.600993476,7563.600993476,6759.046140495,6797.078904208,3104326326.997626
2018-06-12,6804.106499107,6851.118289256,6721.954597059,6847.943670812,3827038711.602335
2018-06-13,6845.923064395,6867.287029976,6535.55115894,6558.514878298,3102008136.8682976
2018-06-14,6559.943493856,6599.514735849,6283.231868523,6308.396028075,3295765432.7675424
2018-06-15,6307.58885043,6667.67355404,6293.277844784,6649.438347225,3663602706.47204
2018-06-16,6650.926764781,6652.572392248,6470.053173969,6473.773490579,3114118486.941199
2018-06-17,6469.496413441,6514.550897064,6395.022990667,6505.755311335,2350148804.5821905
2018-06-18,6500.4350038,6541.234834405,6459.314000665,6461.213024688,2039619863.6724365
2018-06-19,6460.21840507,6724.30158934,6400.071429431,6700.596020849,2259399591.5332966
2018-06-20,6705.753311753,6754.452193254,6677.957643267,6722.636752661,2930821031.408766
2018-06-21,6720.901573124,6754.942346176,6577.803076101,6734.137827984,3087939613.094331
2018-06-22,6734.137827984,6770.207068431,6695.896163838,6711.941657499,2901154211.880981
2018-06-23,6712.439403078,6715.006408875,6056.861989359,6071.720089041,3351734963.0013323
2018-06-24,6073.054271142,6244.375949169,6070.106576437,6156.30026398,4089480599.8167887
2018-06-25,6157.664107899,6211.292125144,5829.901535379,6149.117943358,3728670367.4808574
2018-06-26,6149.963218829,6289.175733833,6113.991152687,6238.074118939,4343151231.320295
2018-06-27,6247.163489863,6255.443512707,6103.030719908,6103.030719908,3889799376.7833753
2018-06-28,6108.081816244,6172.527246137,6049.848945012,6108.694145794,3736840201.22038
2018-06-29,6118.418332491,6138.655470336,5896.088025206,5912.435445858,3121465243.007189
2018-06-30,5910.738003714,6180.342189053,5847.32314046,6127.560923281,2839622172.243842
2018-07-01,6133.70397686,6425.917484836,6130.99266295,6376.564855317,3771289831.842599
2018-07-02,6385.423752059,6409.365459218,6310.846816102,6364.401841845,3508360442.874656
2018-07-03,6363.378352016,6638.313861013,6302.439982773,6595.968717111,3807596497.406929
2018-07-04,6595.97519117,6645.835589793,6483.5643111,6534.644902843,5004522312.659328
2018-07-05,6537.368501721,6686.34437471,6435.020216612,6603.099908979,4840988987.800326
2018-07-06,6612.111581483,6636.32626347,6492.340691035,6532.499354404,4643821207.807072
2018-07-07,6528.310928764,6600.606900537,6461.897552997,6600.606900537,4811073504.46022
2018-07-08,6594.777709362,6725.931831739,6528.997976578,6718.701013051,4981676689.534587
2018-07-09,6715.378280114,6759.512216994,6687.644579808,6711.756799934,4983369408.61671
2018-07-10,6713.143583017,6746.343655147,6664.513132981,6669.998510267,4925375835.097639
2018-07-11,6670.315362761,6677.743511768,6316.171327848,6319.835609607,4677923064.3434
2018-07-12,6318.741219514,6390.003177931,6318.741219514,6367.687185252,3967828329.8168654
2018-07-13,6369.836850151,6375.149278186,6129.642442926,6202.44217648,3447735128.478174
2018-07-14,6217.319818144,6294.955455211,6181.047378458,6215.784717881,3821904703.0469184
2018-07-15,6220.174225132,6264.895759144,6195.27963683,6250.050406982,3734323550.331161
2018-07-16,6250.324790913,6381.087798012,6236.637067252,6346.599550754,3455989685.6982293
2018-07-17,6349.113032979,6705.492443642,6336.933528699,6705.492443642,4630543497.449322
2018-07-18,6698.843898684,7347.954698181,6666.153806008,7317.330033998,5419192992.699332
2018-07-19,7313.602735913,7506.522681868,7293.696027201,7353.8838511,6330311100.250035
2018-07-20,7349.626444582,7480.49111106,7289.406628292,7443.660645781,5846088135.45322
2018-07-21,7444.568409892,7552.764240154,7305.638274574,7329.843347761,4966521399.751789
2018-07-22,7330.341057369,7410.51243765,7264.995035975,7400.986497236,4512259647.477471
2018-07-23,7398.452210369,7535.767369706,7381.602713089,7391.747573501,3665112371.9181433
2018-07-24,7386.710266104,7753.766990612,7375.794246766,7712.930731944,4687601679.596329
2018-07-25,7715.394161402,8349.100818796,7704.861421219,8338.940620443,5764717500.864327
2018-07-26,8343.380118959,8416.620991015,8070.169259958,8179.363887184,6176077122.425064
2018-07-27,8165.597548772,8280.383112883,7874.765231963,7933.673932412,4940766514.848018
2018-07-28,7925.66136133,8261.135335182,7834.49076069,8158.491093936,4974252390.807898
2018-07-29,8172.875760772,8218.909621596,8094.790455045,8195.281387616,4271083963.4205832
2018-07-30,8230.52203672,8273.041209949,8130.355936972,8211.614334805,3666674348.965748
2018-07-31,8218.147751985,8237.120087099,7885.594529493,8181.184913701,4448141891.506246
2018-08-01,8174.641739616,8174.641739616,7662.792135741,7752.144491811,5247534991.598222
2018-08-02,7744.631395433,7747.417375112,7492.216628196,7596.721802762,4823441462.393802
2018-08-03,7600.558993948,7685.923378593,7508.516748605,7551.49315296,4163829164.005342
2018-08-04,7548.45773574,7548.45773574,7309.308752017,7422.438043343,4091971159.843146
2018-08-05,7423.369336613,7491.741800212,6967.696860292,7017.844894334,3860203504.513457
2018-08-06,7021.618542978,7076.470273596,6924.906451544,7041.990104397,3682909104.367678
2018-08-07,7040.944982529,7144.007979114,6869.734954513,6935.713091899,3306255574.1445484
2018-08-08,6945.21833169,7140.708761556,6722.266220746,6732.826689952,3700827846.127184
2018-08-09,6736.300264249,6736.300264249,6205.35234374,6281.517374106,4609610922.224341
2018-08-10,6291.645097695,6629.937973848,6248.586463689,6563.764604497,4210397000.6718974
2018-08-11,6556.79900191,6587.10507013,6109.974094768,6183.831055963,4181392943.931878
2018-08-12,6178.816153253,6460.502985999,6100.812338657,6293.915942247,4185821570.730027
2018-08-13,6269.572355626,6433.37253417,6227.37113489,6342.511734015,3631377731.046385
2018-08-14,6342.49538075,6509.961457311,6209.058762999,6284.92811516,3625488362.313673
2018-08-15,6287.053220705,6287.053220705,5952.335379774,6207.117520201,4314826467.957589
2018-08-16,6217.842249039,6594.442382035,6217.842249039,6306.298266436,4271528735.366837
2018-08-17,6302.073567465,6475.480838249,6263.53697101,6329.697340344,4159955398.34352
2018-08-18,6339.30334607,6587.627901993,6331.717333933,6587.234439279,4220932607.4300776
2018-08-19,6597.212073282,6628.42929799,6345.785261392,6420.01687876,4098661004.492455
2018-08-20,6416.237390702,6543.63761398,6354.653622556,6509.31191253,3185408871.9864283
2018-08-21,6504.064719069,6539.18499546,6277.4023894,6291.971191501,3226319434.9999075
2018-08-22,6284.246451559,6494.949181666,6282.055267622,6482.48093953,3352928439.4427915
2018-08-23,6481.300215756,6820.081466748,6319.848349671,6376.530713944,3605706790.047852
2018-08-24,6379.980149324,6545.659034842,6379.980149324,6528.524414941,3432974935.304823
2018-08-25,6534.230350612,6721.363282331,6501.066966866,6709.592961125,3159935178.710102
2018-08-26,6703.504529877,6787.24134918,6682.141058337,6745.155572979,3482620041.8107104
2018-08-27,6740.966519331,6763.799067002,6594.151991808,6705.158422661,2897692512.0954666
2018-08-28,6708.159869046,6885.057976095,6671.239735192,6883.391276755,3208584744.267615
2018-08-29,6892.118819724,7116.237490354,6870.993672867,7082.637385337,4088489331.560648
2018-08-30,7080.255896341,7118.609059683,6960.460368316,7036.643093597,4017126669.355944
2018-08-31,7036.431587041,7058.898976723,6832.739176005,6973.880311672,3821615060.285881
2018-09-01,6977.184896695,7056.498152081,6905.33914944,7018.264049857,3847879824.793688
2018-09-02,7011.745044966,7238.263496486,7011.745044966,7193.248733149,3736417380.529207
2018-09-03,7189.711798204,7303.005790535,7126.753759791,7277.239549473,4026452649.613735
2018-09-04,7278.253608581,7324.29065154,7185.260348865,7268.864742887,3587720774.5187054
2018-09-05,7267.905331927,7399.962839814,7246.754355662,7360.98929488,3585026575.492572
2018-09-06,7364.127452099,7391.519913461,6714.906124526,6714.906124526,4063479414.9589777
2018-09-07,6720.246795663,6720.246795663,6371.902785238,6519.675094919,5128823495.474911
2018-09-08,6527.528801198,6551.343072157,6367.814557664,6436.841435103,3604584133.876314
2018-09-09,6432.032384471,6495.347505137,6164.499001928,6214.515450407,3029596737.942502
2018-09-10,6213.220555941,6434.372794125,6186.808464011,6277.682276629,3170107868.1843734
2018-09-11,6274.807969006,6364.054074,6274.807969006,6330.669843302,2898910708.5530744
2018-09-12,6328.687635904,6391.775975694,6232.734067451,6306.694006415,2960797320.017478
2018-09-13,6311.369729626,6365.050837912,6243.021350234,6359.149644814,3072304772.765284
2018-09-14,6356.884591956,6530.988604773,6356.884591956,6501.145617091,3265539092.193332
2018-09-15,6498.182769763,6585.306525078,6440.806430483,6509.223085625,3449529788.871757
2018-09-16,6500.848561872,6566.827240872,6491.857332585,6537.211073285,2906742501.1619143
2018-09-17,6535.007313325,6535.007313325,6432.952919051,6512.152477693,2612709364.0235004
2018-09-18,6512.220342627,6540.852093028,6241.767742526,6274.229073713,2835108018.9539504
2018-09-19,6275.496064408,6392.264990936,6256.129769113,6363.858466904,3249090128.6492743
2018-09-20,6358.739054641,6490.63439701,6178.636654024,6397.127391665,3147521552.2712345
2018-09-21,6399.795216298,6513.94595805,6366.826294158,6497.019131212,3420591797.88716
2018-09-22,6493.152931427,6752.404966008,6493.152931427,6744.696981129,4903492828.541768
2018-09-23,6736.854332661,6801.843226655,6616.383582083,6707.238115315,4979240365.486291
2018-09-24,6707.056771032,6772.406208207,6676.568040518,6709.838127072,3519712889.774574
2018-09-25,6709.093372549,6725.147575678,6575.646351861,6586.794101812,3574785844.315666
2018-09-26,6588.874653099,6588.874653099,6376.748408757,6438.627759085,3810213970.800927
2018-09-27,6445.346329714,6551.84140185,6402.489428813,6479.083948142,3710739995.615442
2018-09-28,6472.98947654,6708.890307923,6456.868936613,6676.851172975,3534387056.389184
2018-09-29,6680.315861169,6780.342952041,6572.820589437,6641.955562713,3950139502.72127
2018-09-30,6639.133514007,6639.133514007,6499.12678059,6600.212125391,3667760047.364148
2018-10-01,6594.927830488,6642.932344614,6555.15405797,6619.480812488,3156173083.6218467
2018-10-02,6624.023395287,6653.039249374,6531.896590211,6596.018098435,3103181637.296217
2018-10-03,6596.425430306,6609.789764928,6521.24899482,6534.415120759,2973884240.6697183
2018-10-04,6539.365526536,6540.727212725,6450.163787073,6505.256155789,3109636692.364331
2018-10-05,6502.28194056,6613.382645214,6499.819670241,6574.045631876,2889072641.863299
2018-10-06,6577.590428121,6646.669403697,6549.521307364,6626.550323225,2672396690.5100803
2018-10-07,6628.529624888,6629.702960488,6567.122763921,6590.995725832,2497460195.881971
2018-10-08,6591.961723594,6629.59915977,6544.87251455,6595.637641947,2328395841.846092
2018-10-09,6602.290457561,6681.339049822,6583.792576173,6657.272477736,2719149065.687601
2018-10-10,6656.124595325,6663.221710667,6606.326817828,6646.658367487,2895217736.8095245
2018-10-11,6646.18252197,6646.18252197,6532.790678706,6599.428020639,2892787742.9338665
2018-10-12,6597.07497291,6597.07497291,6223.701469328,6252.437099217,3856048836.4926505
2018-10-13,6245.131457439,6339.634868372,6218.533471382,6293.904829722,3568675354.6650333
2018-10-14,6291.160228165,6325.159138957,6286.921219351,6325.159138957,2707685988.2709885
2018-10-15,6322.634877764,6382.174804448,6312.444607358,6321.8112547,2473293529.3844576
2018-10-16,6325.070599423,7241.013386934,6297.967732794,6576.759500825,4839273501.044345
2018-10-17,6569.003869632,6656.351196471,6526.208311032,6552.077684632,4349704177.003925
2018-10-18,6556.349143916,6578.4743,6491.21964139,6520.256440785,3451052342.075724
2018-10-19,6520.905375002,6540.466031979,6461.579151329,6479.295676487,3281648435.665219
2018-10-20,6480.163637934,6495.135871574,6450.3012513,6455.395740132,3173937549.0158453
2018-10-21,6456.360438816,6472.939715716,6439.166420848,6461.901010679,2966669746.46326
2018-10-22,6465.940550179,6505.716811461,6429.063841525,6475.861331941,2678968945.046221
2018-10-23,6477.219324492,6494.29600581,6448.567204502,6466.252677658,2956097582.888225
2018-10-24,6465.943343818,6474.39947166,6416.734024871,6423.905003506,3291200247.1767387
2018-10-25,6423.513294184,6490.190728496,6413.603949848,6433.06547953,3363537342.926277
2018-10-26,6433.232272282,6440.656013748,6396.052902194,6420.365572797,3484524078.0412526
2018-10-27,6420.863227091,6426.947031918,6385.627746287,6416.40587187,3097524566.94115
2018-10-28,6418.620770569,6430.371869094,6392.843436526,6416.188304748,2928172852.4560328
2018-10-29,6416.549408448,6464.692941826,6381.13930249,6406.221101405,2906079102.3680205
2018-10-30,6406.269060578,6407.649451942,6242.814051634,6252.273570761,3093193492.478595
2018-10-31,6255.057567736,6304.135098663,6255.057567736,6284.585338842,3434096462.4793286
2018-11-01,6283.631828987,6323.643162745,6238.6372898,6298.837501112,3286097615.963602
2018-11-02,6299.90390737,6396.223719973,6293.045329941,6368.306136028,3290643879.004671
2018-11-03,6368.621545495,6443.40365674,6368.621545495,6407.751478732,3392903655.622112
2018-11-04,6408.420165923,6408.532431404,6360.144862999,6387.917030268,3206344282.107809
2018-11-05,6386.909849955,6483.22544861,6372.297571342,6456.241631256,3464581702.084554
2018-11-06,6458.928433763,6460.083841858,6402.330270375,6413.987438447,3957885847.4198327
2018-11-07,6406.484868627,6444.682644885,6381.013880611,6428.294584816,4020828315.3744464
2018-11-08,6437.632240669,6546.917804898,6432.383204043,6526.82015405,4327547729.690759
2018-11-09,6526.888623968,6545.123286481,6463.98882188,6468.139285876,4001027787.27146
2018-11-10,6470.006228965,6479.868232414,6385.639030339,6397.943422909,3774750025.388616
2018-11-11,6395.744478183,6423.77031064,6395.744478183,6399.518804388,3377807844.03098
2018-11-12,6400.034596672,6419.629801806,6364.816154636,6407.676509173,3237576630.338422
2018-11-13,6411.278115302,6431.821641842,6354.974990417,6364.393922101,3115460518.912264
2018-11-14,6371.733230045,6391.559008482,6337.928083205,6371.36748622,3142925617.504097
2018-11-15,6361.400404991,6382.556324816,5560.880719722,5747.076678785,4014854969.22421
2018-11-16,5781.032657334,5801.395589434,5376.450570802,5654.723204018,6458882428.673365
2018-11-17,5654.209987966,5674.911745861,5555.684495861,5627.478696853,4458433780.159247
2018-11-18,5634.790942322,5637.369199686,5582.244808497,5631.540424004,3341914742.75929
2018-11-19,5631.943421713,5676.508478713,5612.226552794,5647.479577306,2911353904.9949
2018-11-20,5651.276823682,5653.306826427,4858.770197698,4893.020432943,3984630708.562563
2018-11-21,4871.837128436,4970.283673371,4274.174493715,4470.86406818,6200899670.273817
2018-11-22,4502.466997901,4722.888985274,4355.940983959,4609.512683654,5864613008.834743
2018-11-23,4604.937872113,4640.486228605,4377.545769831,4377.545769831,3559480939.995985
2018-11-24,4345.661016088,4408.549466466,4219.987383706,4374.323226658,3403581481.248564
2018-11-25,4369.2081865,4437.12427443,3822.143369562,3894.620254339,2981154608.613752
2018-11-26,3886.472347228,4110.040082263,3596.00806059,4008.329435561,4489490623.401364
2018-11-27,3994.418821674,4091.502639136,3665.565456655,3801.729366908,4770358620.6052
2018-11-28,3800.600009341,3873.26585313,3679.708116943,3835.016589512,4439296219.454825
2018-11-29,3837.958523137,4377.61022591,3837.958523137,4256.464556195,4676357418.739209
2018-11-30,4255.275505341,4429.730210043,4152.042746816,4295.392322703,4938676329.623747
2018-12-01,4303.987285033,4331.594554471,3968.034994522,4030.04449364,4195701632.661413
2018-12-02,4036.229874753,4288.118114861,3977.624455728,4208.46972294,3729733003.690406
2018-12-03,4206.215757456,4291.695878947,4118.785078199,4143.979048443,3302972567.605143
2018-12-04,4150.827310223,4162.639731237,3868.407784677,3905.390426541,3248618117.916213
2018-12-05,3905.489738693,4080.018654926,3847.851236503,3959.996646343,3412849904.056449
2018-12-06,3965.3634989,3973.938520171,3777.504597679,3778.644100458,3223065038.323724
2018-12-07,3772.882544916,3880.130150169,3530.420581097,3530.420581097,3526083512.348898
2018-12-08,3524.903843125,3524.903843125,3279.326879568,3424.127676352,4339092125.732182
2018-12-09,3429.741618038,3498.503410095,3328.189753409,3465.344048723,4006131235.881874
2018-12-10,3457.41952613,3669.370224454,3438.48601509,3586.572260842,3223762331.4300394
2018-12-11,3583.500415102,3620.702269676,3425.449092033,3464.835870669,3018304106.43608
2018-12-12,3462.686886235,3475.454580667,3364.134935808,3394.21870318,2910200651.819124
2018-12-13,3397.148741644,3515.635434451,3380.722528793,3471.915386863,2888792462.636261
2018-12-14,3475.395333172,3480.817679557,3302.788527099,3314.35176623,2600813123.036409
2018-12-15,3315.712262686,3334.267258125,3199.344540762,3236.700910153,2873115299.4884944
2018-12-16,3239.810072381,3269.710129726,3188.542616892,3244.865925479,2573365294.396488
2018-12-17,3242.71165726,3304.752077103,3237.496112093,3259.040241951,2303080492.219079
2018-12-18,3260.535478026,3576.130761016,3256.286666292,3520.007340181,2706691385.829008
2018-12-19,3519.644005652,3671.091738368,3458.156901189,3671.041341474,4009405530.58585
2018-12-20,3672.828563746,3910.052394847,3656.799274105,3719.296166218,4910794538.842526
2018-12-21,3716.951289636,4149.982112244,3701.497818021,4103.258581528,5608484489.432625
2018-12-22,4104.6300826,4179.461009081,3823.730152349,3872.495181716,5892067716.170284
2018-12-23,3869.320912253,3986.988101713,3836.166472087,3985.947864559,4205980838.290268
2018-12-24,3992.590689234,4061.599528447,3956.035483518,3980.147519,4105611460.59793
2018-12-25,3974.488113207,4218.506382222,3974.488113207,4049.134021718,5069262378.535473
2018-12-26,4052.351427424,4053.801000601,3741.532556251,3789.436638331,4723284026.001758
2018-12-27,3801.990623677,3872.508799306,3751.58202965,3833.455304379,4006659135.548405
2018-12-28,3837.103067651,3850.984987181,3633.371831014,3651.165345688,3705806154.8215866
2018-12-29,3642.816541604,3931.006116306,3637.996492977,3902.734263248,4067221987.255999
2018-12-30,3909.576362079,3951.326013396,3832.098961469,3832.098961469,4424442568.545515
2018-12-31,3800.90618573,3885.944595624,3783.461120121,3863.165983794,3919248135.353045
2019-01-01,3863.966826435,3865.30943988,3727.103166881,3746.123952537,3648742018.449623
2019-01-02,3747.289081962,3857.66134997,3720.528270248,3851.181614039,3433814142.055747
2019-01-03,3852.524625595,3944.482760725,3825.302832139,3938.625960795,3910033511.3270135
2019-01-04,3935.381479108,3935.381479108,3828.512307784,3843.996640326,4077088832.598976
2019-01-05,3847.083953482,3888.22508878,3795.299371612,3877.816631752,3521627989.1605506
2019-01-06,3876.743901004,3928.92500025,3850.442903945,3866.004563615,4197364686.9456058
2019-01-07,3868.739955187,4104.080838569,3846.981955643,4085.907581678,4003384608.6634007
2019-01-08,4082.095636372,4103.696834349,4027.393340966,4036.958448354,4366201231.862341
2019-01-09,4040.426868752,4109.513660184,4004.648804149,4030.989305544,3846753571.304929
2019-01-10,4031.220158622,4066.410720206,4016.859198923,4032.575390529,3988908524.103224
2019-01-11,4032.372040573,4063.302239641,3656.965007582,3673.215707318,4556093682.767315
2019-01-12,3671.210547179,3713.285567013,3641.294105448,3678.691683579,4763746665.390462
2019-01-13,3690.429234323,3697.354503693,3656.990109901,3668.24991968,3649925423.381869
2019-01-14,3668.577160208,3675.767876524,3545.768209284,3553.227143057,3457204812.510096
2019-01-15,3555.550456106,3728.417562433,3552.316662444,3705.942605786,4486462095.734081
2019-01-16,3704.359603919,3721.250727445,3618.688647245,3640.207438973,5156096242.143494
2019-01-17,3636.621475732,3710.602669414,3630.808410499,3658.246729748,4660577413.35656
2019-01-18,3654.061564255,3687.616740461,3624.548986953,3684.253014929,4616526889.360663
2019-01-19,3682.436730965,3686.295784048,3632.797684376,3653.185376139,4651045589.009092
2019-01-20,3652.353731181,3766.801866732,3650.958251016,3735.953787486,3689835108.385212
2019-01-21,3732.314578714,3746.098908126,3560.54361857,3583.507435701,3873034470.9671497
2019-01-22,3580.394848908,3649.754615996,3527.19617532,3547.119997129,3563557075.1487064
2019-01-23,3547.775740343,3628.570492611,3476.812119629,3608.383961607,4101549978.630794
2019-01-24,3606.587749856,3630.196102145,3574.511563021,3592.901430874,4711866363.06134
2019-01-25,3592.856632416,3627.345746878,3568.758624822,3601.873910558,3378214501.6806464
2019-01-26,3601.92745155,3612.206202075,3563.229319401,3590.982706471,3296210348.613134
2019-01-27,3591.258308523,3649.321285244,3584.553811289,3595.147523761,3233121779.128203
2019-01-28,3595.463472868,3605.284864841,3547.930411633,3575.69534679,3232926763.924869
2019-01-29,3574.356431872,3574.356431872,3427.061509559,3462.059067174,3861302295.118399
2019-01-30,3459.942105227,3467.838291709,3392.538497169,3438.806393391,3953321270.7058105
2019-01-31,3437.33206711,3480.918095904,3418.85728222,3470.828260383,3858199435.000333
2019-02-01,3468.567305068,3489.921013106,3431.5557778,3447.812768646,3724578165.907147
2019-02-02,3444.921906726,3480.373583519,3411.835140276,3474.400614406,3256397943.534127
2019-02-03,3471.274685499,3502.072822894,3445.452966511,3502.072822894,2966701131.3176246
2019-02-04,3498.020425385,3499.461531698,3432.582850938,3451.480647199,2976985222.0833
2019-02-05,3453.008649654,3508.056356733,3434.033280102,3453.03218375,3197948101.9971104
2019-02-06,3452.862403378,3471.534749096,3419.747400744,3463.442822071,3263936607.0654526
2019-02-07,3461.934372734,3466.818451914,3391.965467631,3405.55894369,3276428016.94053
2019-02-08,3406.912628136,3424.179019811,3366.804928507,3382.947413684,3172882606.3196507
2019-02-09,3384.368989555,3703.010371206,3374.517849699,3632.621063544,3699125550.317072
2019-02-10,3634.179510361,3651.233256781,3615.181021302,3648.622398485,4816337561.830241
2019-02-11,3648.638905669,3664.267250837,3608.204418369,3663.532766717,3568337039.2575016
2019-02-12,3666.346751167,3666.346751167,3606.968337044,3615.969569845,3825671005.975767
2019-02-13,3616.569553353,3627.239484869,3581.12020691,3608.1455686,3762188025.8605857
2019-02-14,3605.359538969,3632.689011386,3578.404056205,3590.146720852,4162249066.373311
2019-02-15,3589.190870666,3611.070420381,3569.897912663,3577.371359712,3892246586.438015
2019-02-16,3576.132030057,3626.918548558,3568.106289136,3596.820721532,3212862423.5684257
2019-02-17,3596.030689614,3660.517482263,3590.467024705,3599.138222499,3356391568.1538672
2019-02-18,3598.148040489,3637.774895747,3577.450979857,3630.26901901,3355410897.195083
2019-02-19,3628.785108355,3891.033233383,3622.629503935,3858.949361197,5319393065.773327
2019-02-20,3859.020359274,3958.537955987,3851.72589553,3893.270396548,7132811992.470226
2019-02-21,3894.114707158,3951.681707239,3873.88150496,3918.389585518,6006841479.765859
2019-02-22,3918.183728075,3956.247604617,3881.828977335,3894.540736483,5511697633.975717
2019-02-23,3897.190164349,3972.317709802,3820.820278809,3970.590294199,5345237781.081468
2019-02-24,3968.320637954,4143.211868287,3938.935168648,4123.668788587,5993819033.573327
2019-02-25,4123.504872516,4172.083234272,3784.637178687,3807.506663628,7968911492.198975
2019-02-26,3808.473252069,3892.454870588,3804.104099487,3868.161644161,8314405155.451499
2019-02-27,3866.383457476,3870.314694801,3820.217154151,3842.992706537,6678465742.937537
2019-02-28,3844.368122837,3867.840123562,3785.188773808,3841.615656283,5619005740.642139
2019-03-01,3839.013237205,3886.919618225,3817.058024429,3845.258312799,6383018981.591494
2019-03-02,3844.921366184,3861.178589309,3825.991123893,3834.290290069,5864825753.614558
2019-03-03,3832.522165484,3862.221584261,3809.453704397,3848.655865347,5447071839.033865
2019-03-04,3845.483709779,3898.093996858,3827.076615763,3881.076222168,5447909337.815124
2019-03-05,3879.964730091,3919.14606195,3733.917481608,3755.244533692,6433983663.174674
2019-03-06,3767.755778729,3875.95989518,3738.436474121,3855.0028053,7223804195.499708
2019-03-07,3857.628117632,3883.832331764,3839.918720328,3873.668095745,7747260333.087009
2019-03-08,3873.817021979,3911.321319755,3864.757247995,3888.248904326,7068518206.673557
2019-03-09,3888.634931999,3915.224522058,3854.308002276,3872.141156369,7471167903.671331
2019-03-10,3872.914024713,3941.820808796,3866.931804879,3931.895283308,7940967853.130124
2019-03-11,3932.190274542,3932.190274542,3882.908897694,3902.80646271,7402567148.695504
2019-03-12,3900.462788114,3912.109686138,3855.221924508,3879.103312128,7052643189.63008
2019-03-13,3882.347879962,3925.106802045,3845.307653784,3901.113915142,7663407757.045644
2019-03-14,3903.837482165,3914.368483938,3879.644200459,3895.619863392,7384926003.158222
2019-03-15,3896.671800296,3924.174554114,3883.217836303,3900.376687091,7576546206.104515
2019-03-16,3897.143080486,3947.511201251,3892.042261152,3928.041328852,8017629319.948978
2019-03-17,3939.145756798,4051.957711268,3939.145756798,4024.229285339,7722720660.064434
2019-03-18,4022.969398171,4036.719225768,3982.223905902,4007.166919858,6292934445.182644
2019-03-19,4008.284983797,4046.607040693,3975.356198882,4020.470961551,6488791545.70765
2019-03-20,4016.775380202,4048.74796906,4005.380860171,4039.787113996,6570358755.835549
2019-03-21,4036.494784049,4078.511718087,4012.040945943,4075.319876766,6972695205.772387
2019-03-22,4079.189802352,4093.784724444,4004.765643649,4024.283201515,7547057321.641651
2019-03-23,4021.931406788,4031.364278194,4013.348776575,4017.939706485,7201655912.385315
2019-03-24,4019.754260699,4043.791033026,4013.495429475,4034.593701872,6780074591.640198
2019-03-25,4033.555246062,4080.429132322,4012.282392053,4024.480055518,6725878926.084825
2019-03-26,4023.328814622,4038.832775001,3944.469301742,3969.701717355,6944311054.387526
2019-03-27,3968.279256983,3987.170101869,3954.053909398,3980.620043073,7619066425.306097
2019-03-28,3982.614678572,4070.654525251,3979.2189216,4069.689197198,8742943136.499285
2019-03-29,4062.825098198,4082.483911422,4034.840680807,4061.003062397,8505501000.37799
2019-03-30,4061.601587452,4143.060868805,4049.326845159,4128.954215703,8374378124.41559
2019-03-31,4130.010064024,4185.986950413,4111.496747944,4164.621319669,8325065858.569811
2019-04-01,4166.325800301,4210.95413776,4154.548282798,4202.588398158,7198090848.707396
2019-04-02,4199.617439676,4229.129950658,4184.983265552,4202.125149714,7908248777.82402
2019-04-03,4200.878648602,4915.319703997,4199.353304694,4888.060144806,13775711440.36564
2019-04-04,4887.759498103,5277.183264217,4887.759498103,4981.380898514,19127508756.52993
2019-04-05,4971.060890177,5055.964735281,4847.159233067,4924.082434374,18855926362.82394
2019-04-06,4926.403080942,5043.52030711,4922.061605746,5029.810426006,14519514536.466747
2019-04-07,5030.633756343,5209.789827716,4986.648572557,5066.740036243,12362742813.212751
2019-04-08,5066.362965449,5244.16584738,5066.362965449,5212.309923024,13686230210.00485
2019-04-09,5213.650120988,5330.055098135,5129.111525202,5303.985428527,14625045141.83146
2019-04-10,5300.612111963,5300.612111963,5190.414107865,5235.702335987,13296916759.138676
2019-04-11,5230.089593758,5438.076806385,5222.799900984,5334.16546243,11882218008.812408
2019-04-12,5339.75455452,5360.792182502,5033.265192079,5055.483612262,13805935888.294365
2019-04-13,5051.496177143,5139.184727198,4980.706446639,5090.02691307,13280752283.11
2019-04-14,5089.804112289,5168.632419133,5081.413415427,5132.674495269,11589436401.65359
2019-04-15,5130.872758133,5198.607002691,5089.297332302,5187.562407627,9988617584.47333
2019-04-16,5190.134974733,5232.13107218,5068.359413253,5114.800175994,11043323425.062246
2019-04-17,5110.364742945,5285.26935529,5083.122626088,5280.621477906,11228915692.474398
2019-04-18,5274.409619076,5309.767053458,5247.411896122,5271.109695488,11718122917.424685
2019-04-19,5271.35217627,5330.747549732,5268.381876188,5309.256996284,11063569340.208778
2019-04-20,5308.334719082,5349.185233082,5253.519638981,5317.962149987,10722417914.922018
2019-04-21,5318.985321339,5372.559483415,5314.995062328,5363.756655489,12081570828.065258
2019-04-22,5365.439861043,5381.725474671,5296.630795402,5349.866310892,12438521689.224068
2019-04-23,5347.870261836,5438.056151572,5319.583955251,5417.509437289,12928762753.316998
2019-04-24,5421.273442212,5636.994562371,5410.56240827,5591.93356269,14955243755.468807
2019-04-25,5585.462131718,5660.855010888,5456.808248396,5484.270138274,15812762052.13293
2019-04-26,5489.65821347,5535.815358986,5241.366292456,5241.366292456,14540868075.349545
2019-04-27,5247.231157924,5339.668146595,5154.398777214,5264.272697961,15303879600.978777
2019-04-28,5272.04828427,5306.450167668,5233.559329194,5274.514196298,12999036803.344814
2019-04-29,5277.479653583,5322.308489442,5241.079210927,5293.938255503,11224137756.93043
2019-04-30,5296.546936304,5332.087293682,5216.487915655,5258.677411088,11817924324.4683
2019-05-01,5258.596117573,5366.907619899,5153.65201441,5305.984482131,12966428693.386885
2019-05-02,5306.244504059,5400.462952961,5298.148059404,5388.818932923,12587501074.510923
2019-05-03,5390.886922075,5516.518746332,5223.551018942,5485.782605123,12039530252.52024
2019-05-04,5483.869227356,5831.565100435,5475.473832288,5734.732073665,14648002409.742603
2019-05-05,5731.170082516,5855.322770957,5625.471505591,5820.358392055,15504428301.965794
2019-05-06,5819.009881457,5822.576221488,5714.366264154,5779.333068834,14352891358.014853
2019-05-07,5772.581488954,5782.449597263,5653.180375054,5742.762539512,13146879015.17897
2019-05-08,5740.528083725,5992.989650411,5739.282096674,5855.204284185,11666659860.559153
2019-05-09,5835.957517321,5973.935495865,5798.867412876,5973.935495865,10256612131.840769
2019-05-10,5973.099793055,6196.673171019,5973.099793055,6187.660821162,10212135035.336254
2019-05-11,6184.921253719,6429.716712429,6174.133217691,6386.691489533,12050097748.868092
2019-05-12,6393.002585585,7342.598761177,6391.280169946,7235.877636404,21851165450.129826
2019-05-13,7201.642617775,7510.847160734,6844.12606548,6992.035883656,27817884903.01372
2019-05-14,7010.551665358,8054.538413923,6941.761153096,7813.193116445,23280120723.99534
2019-05-15,7797.7392335,8260.695888689,7711.297934298,8028.236494406,26411583702.337494
2019-05-16,8002.661523871,8181.247379068,7867.372970654,8181.247379068,24854975386.98828
2019-05-17,8145.555620727,8318.802551283,7795.804840835,7918.875904937,26901315141.97368
2019-05-18,7923.05133892,7961.08326911,7083.26499268,7382.337789468,24863829847.22632
2019-05-19,7393.579773489,7511.650425797,7295.380303288,7332.609911221,20358130230.13385
2019-05-20,7328.418962598,8237.723663509,7328.418962598,8186.662732404,18965835929.185444
2019-05-21,8172.974801761,8172.974801761,7715.421068381,8004.459953952,19473852816.94717
2019-05-22,8004.576724034,8090.522839454,7864.922724498,7984.314133126,18657102217.17845
2019-05-23,7965.942975048,8010.772118223,7731.159044375,7744.861886829,17943842530.680466
2019-05-24,7730.828702835,7987.269266548,7579.508192006,7919.729554358,18641365509.493183
2019-05-25,7922.301226611,8134.670180783,7858.212310867,8021.477876494,17941265219.883144
2019-05-26,8023.417666592,8137.406250807,7991.341944201,8104.73204645,18344447274.70888
2019-05-27,8101.121878369,8762.008200617,7971.658538311,8736.628563948,16480490604.981249
2019-05-28,8751.57317691,8969.151504594,8652.925343603,8857.096555519,24518403981.585262
2019-05-29,8836.762648241,8849.546725109,8647.460499139,8721.6157416,22507477393.19356
2019-05-30,8719.9617362,8766.059974977,8549.555400527,8672.98537276,20269010722.989845
2019-05-31,8669.269146886,8991.45418257,8306.121949591,8380.86840038,21699755031.93024
2019-06-01,8333.864737938,8613.058555746,8217.012517843,8606.278615403,24501009081.27088
2019-06-02,8599.053486258,8634.384312171,8522.97723213,8596.109824225,20501225809.90437
2019-06-03,8598.78500222,8806.181716754,8586.830124871,8781.231372894,18710649783.654823
2019-06-04,8771.296312752,8771.296312752,8362.955080545,8362.955080545,18154175843.1599
2019-06-05,8341.434666054,8341.434666054,7651.972247475,7760.01105779,20969240896.531845
2019-06-06,7768.517747861,7919.574241385,7714.461245668,7860.506170985,19825003009.66125
2019-06-07,7863.512301938,7913.658342535,7623.176900011,7846.273224235,16990627606.718157
2019-06-08,7840.578080515,8116.89009633,7801.596203718,8070.900978356,17246216211.18947
2019-06-09,8060.736271864,8096.736821456,7883.568612159,7974.683977197,15038837205.737192
2019-06-10,7979.720898905,8001.182588562,7713.072533886,7750.808728267,14008185776.071651
2019-06-11,7752.220272896,8050.146086236,7635.914553819,8000.570019137,15727304861.609226
2019-06-12,8014.897946837,8025.31929234,7817.896081731,7962.756329737,15541222888.974173
2019-06-13,7969.985301593,8191.895037148,7900.587729118,8159.590368523,15774624962.912905
2019-06-14,8174.400584225,8368.744385691,8135.076369052,8286.913173816,15422325292.94472
2019-06-15,8291.198962219,8734.624600079,8253.963495841,8696.970842738,16288944559.697744
2019-06-16,8708.232513039,8880.23284317,8651.785868277,8859.597053629,16984569782.5587
2019-06-17,8861.692265355,9391.965327231,8839.579216261,9025.723641831,18436066643.880177
2019-06-18,9026.522571994,9403.695555879,9026.522571994,9328.082235709,18094529601.113903
2019-06-19,9341.199474731,9353.32056726,9042.990003328,9125.090764169,18912820365.162624
2019-06-20,9129.651002395,9328.237785968,9111.404748221,9311.883211721,17298750490.888557
2019-06-21,9310.156899543,9634.463338388,9299.436433025,9589.390555221,16672354916.323616
2019-06-22,9590.2082253,10162.203698127,9590.2082253,10162.203698127,20625984836.08303
2019-06-23,10227.362383055,11154.878298083,10128.357139209,10719.807804423,28282491558.07023
2019-06-24,10717.06273697,11204.170999299,10585.083730998,10880.051309618,25456978245.08755
2019-06-25,10899.114587489,11072.753380556,10679.372837767,11013.963603928,21896313108.86441
2019-06-26,11013.875187462,11810.127825701,11013.875187462,11810.127825701,22324164886.01128
2019-06-27,11794.470008238,13967.862276815,11772.134193991,13112.782536123,34129035518.42541
2019-06-28,13141.89675185,13444.811410696,10574.654321285,11237.076652763,44905142219.08265
2019-06-29,11297.158058703,12529.344002306,11019.356262506,12482.409959829,41124037815.80567
2019-06-30,12492.976245357,12492.976245357,11653.208816827,12097.567788411,30639783682.66016
2019-07-01,12106.219065156,12309.501284794,10912.255934044,10912.255934044,25096318919.276333
2019-07-02,10908.296655923,11294.555996308,10097.196022324,10638.003271271,26320633200.00246
2019-07-03,10635.86599655,10910.542694381,9778.404061006,10818.18811951,28317668491.890404
2019-07-04,10839.724966902,11943.629838735,10839.724966902,11943.629838735,28538254833.797066
2019-07-05,11953.648746702,11992.496247476,11178.99897539,11221.25555658,26219102229.701763
2019-07-06,11216.015051262,11388.098208424,10872.022472643,10980.083327779,23396188922.9593
2019-07-07,10997.057218163,11630.409594487,10997.057218163,11266.401344947,21458791317.534348
2019-07-08,11279.686940232,11550.671929601,11174.758166612,11441.622695658,18626823366.133514
2019-07-09,11450.359933415,12297.060156092,11358.017300254,12248.874131725,19668175501.84159
2019-07-10,12243.719554925,12763.929091832,12186.139359644,12545.445221221,25893451652.754112
2019-07-11,12557.93153086,13101.374226015,11718.181749561,12147.697759751,28216117506.435875
2019-07-12,12124.389791281,12124.389791281,11143.890313031,11376.679394568,31764845898.085747
2019-07-13,11385.977039629,11850.916746255,11187.860644737,11776.082435848,26435460614.572063
2019-07-14,11776.781109921,11805.291467888,10946.06900241,11397.161429518,20445438956.573074
2019-07-15,11394.840697713,11458.269526704,10288.853124064,10288.853124064,21875939390.039207
2019-07-16,10227.417501092,11029.553923539,10041.932583832,10885.588450999,25212827648.406937
2019-07-17,10857.079408258,10996.635592681,9448.365403112,9499.558669446,22885732736.462265
2019-07-18,9450.356040111,9922.43590581,9134.258910507,9643.71473555,27039875821.842934
2019-07-19,9677.323024453,10701.623245608,9364.276558339,10629.023332162,25669828327.11842
2019-07-20,10631.69338686,10696.434230342,10225.694043316,10511.695476388,24758188144.599106
2019-07-21,10516.580157264,11025.857309485,10437.695106868,10764.700850569,20201960906.578205
2019-07-22,10746.433378123,10808.75818775,10362.648158675,10596.355696901,18416083690.096504
2019-07-23,10592.217243,10654.549992187,10175.295314143,10338.58841438,16471991873.28206
2019-07-24,10346.190304607,10346.190304607,9878.81553022,9916.381213641,17300369515.33527
2019-07-25,9878.522290743,9919.107224027,9600.322775942,9807.414231018,17530908626.100945
2019-07-26,9782.593812589,10149.16495882,9767.129919657,9904.696184087,17073063493.31741
2019-07-27,9902.672559485,9902.672559485,9712.555671751,9845.987421977,14591296766.522284
2019-07-28,9841.276385398,10143.104188821,9422.807598267,9464.99772889,15513188410.016272
2019-07-29,9493.990306474,9588.298625648,9262.952718454,9545.094701172,13710929707.424322
2019-07-30,9550.402969336,9681.389066583,9484.519080794,9533.580410388,14869050391.80669
2019-07-31,9530.152924899,9691.960963276,9439.241217675,9581.211677756,13292546258.165554
2019-08-01,9587.872869773,10080.086121152,9578.650928445,10080.086121152,14733945730.089369
2019-08-02,10084.110571105,10413.404931384,9918.184550011,10365.984725445,15574445805.08076
2019-08-03,10369.531247597,10639.945262932,10334.616880697,10523.946375083,16564062363.329533
2019-08-04,10518.066542715,10884.267576921,10498.519094738,10806.817073981,16337356059.882215
2019-08-05,10813.82497436,10986.00769305,10606.246749694,10948.187619903,14938219499.702148
2019-08-06,10930.662455659,11859.169270878,10930.662455659,11782.652143549,23155275141.939342
2019-08-07,11761.234810127,12193.908318243,11277.734510391,11497.062684201,23990902866.15977
2019-08-08,11482.916490667,12066.947311806,11420.597179321,11976.654827569,22446298528.389225
2019-08-09,11956.413469853,12019.255358112,11578.318745384,12019.255358112,22377247560.36519
2019-08-10,11996.200097433,12009.137000253,11700.385827153,11857.844469936,19543454030.08084
2019-08-11,11857.758763219,11925.963231215,11295.234140884,11342.468601716,18152460610.38489
2019-08-12,11328.601603036,11555.775899235,11217.137141763,11555.775899235,16761977263.13256
2019-08-13,11570.902065919,11570.902065919,11334.786964253,11398.762190123,14849455069.266504
2019-08-14,11405.017740566,11439.047665036,10839.200782979,10920.980312582,14728525095.55085
2019-08-15,10901.105749904,10901.105749904,10008.252864913,10010.249937915,20326697833.9406
2019-08-16,10053.512703227,10430.674821805,9615.26388667,10296.600266166,24657040358.120068
2019-08-17,10300.390060704,10501.672200434,9811.905850079,10344.507989693,22782309789.56091
2019-08-18,10342.093377563,10450.078170007,10076.206821184,10220.070168212,17156270391.706024
2019-08-19,10227.398309843,10474.365680379,10117.358356191,10331.467108077,14018174108.292109
2019-08-20,10330.503755368,10890.253796002,10291.536183267,10890.253796002,15091312056.436798
2019-08-21,10894.113749809,10916.488030507,10594.412772425,10751.857323258,15784606737.051598
2019-08-22,10748.78989426,10780.265168196,9975.001333944,10136.964618751,17688173022.493256
2019-08-23,10147.419290931,10220.768871332,9832.56349227,10123.994480368,18756324937.27356
2019-08-24,10115.150897679,10424.055968006,10069.597527933,10385.507551618,14653621441.902023
2019-08-25,10386.458808456,10407.503090549,9968.718089627,10142.839395055,14449223409.742449
2019-08-26,10139.413036233,10298.296110663,10003.483494941,10118.399575204,13517731620.799112
2019-08-27,10150.617721237,10556.072515752,10150.617721237,10374.876617245,17164867544.50236
2019-08-28,10380.720316627,10380.720316627,10090.229211494,10219.413373246,15703309765.26789
2019-08-29,10206.418979658,10270.522244933,9691.87712645,9759.791528413,15221292001.698517
2019-08-30,9755.839219581,9755.839219581,9388.612159252,9493.755389208,20617835157.97794
2019-08-31,9499.878802461,9640.946925267,9409.399993687,9582.255357778,16140852543.13026
2019-09-01,9588.047563456,9657.900632341,9501.605978464,9609.787647368,14425731109.63572
2019-09-02,9607.181476079,9759.435329023,9566.21839372,9716.721909689,11427639953.94762
2019-09-03,9719.55538852,10399.885655126,9716.073542907,10329.859051573,14047005764.704762
2019-09-04,10328.873207893,10727.327767091,10279.704140115,10603.095462993,20169687097.327747
2019-09-05,10586.04148713,10766.860351048,10405.045697122,10578.320209569,19392131163.912285
2019-09-06,10570.598941629,10624.40247301,10503.866101465,10574.499542005,17860080129.882195
2019-09-07,10571.991889067,10887.874248649,10259.589238372,10339.455631575,17760403181.52739
2019-09-08,10317.832833801,10530.94637342,10315.228697326,10477.09483846,18960923057.328537
2019-09-09,10470.341080022,10572.520355028,10326.63608395,10410.187644035,15786963429.02188
2019-09-10,10408.890179822,10442.761181904,10135.676890092,10322.057607889,16277428930.513926
2019-09-11,10315.926502809,10382.489398557,10012.012964927,10132.544804558,16619929905.641602
2019-09-12,10124.284797734,10204.342522115,9973.087326473,10159.720473324,16657146339.07356
2019-09-13,10162.818177255,10430.549285807,10068.621408328,10387.514841215,16347803275.784428
2019-09-14,10406.999055878,10423.774252107,10193.334896139,10346.599194957,15002494697.63255
2019-09-15,10344.918397309,10420.200051218,10273.609581183,10353.549798216,13898257971.742422
2019-09-16,10349.132693446,10368.311044913,10283.331817049,10313.443525982,13739377464.074911
2019-09-17,10314.929924681,10362.122494313,10147.911922248,10268.657984963,13123396167.392435
2019-09-18,10273.277521964,10273.277521964,10171.825138418,10208.165817936,15064900672.345425
2019-09-19,10210.080590801,10252.141471773,10149.693436472,10164.101904869,16142256175.51902
2019-09-20,10161.163975249,10261.575491477,9781.984662058,10241.608795395,18012950601.274014
2019-09-21,10238.554568886,10255.158567383,10112.378809418,10179.862230841,17567944594.274727
2019-09-22,10176.715113783,10180.776817568,9977.084510201,10006.065330833,14315188552.226397
2019-09-23,10002.150611392,10070.520315857,9876.651282321,10050.187541129,13655833632.90586
2019-09-24,10038.947939225,10047.495876714,9696.204079567,9719.397018609,13850095066.162457
2019-09-25,9721.510103694,9792.649520023,8137.460767762,8588.424905857,18185819269.48422
2019-09-26,8553.728950314,8743.916533712,8270.46193408,8439.846189898,27962840287.761627
2019-09-27,8438.845674476,8457.814132705,7871.665873986,8077.936354442,19967083143.6207
2019-09-28,8075.401100047,8239.784966013,7909.344811111,8183.569872359,19787032948.36193
2019-09-29,8184.574472563,8227.632773209,8048.833810124,8208.59598768,15915683880.648952
2019-09-30,8209.160822339,8222.006280482,7955.684335853,8068.668738286,14168854496.29004
2019-10-01,8062.303348361,8282.996850629,7773.497353879,8269.028681584,15981733906.85519
2019-10-02,8286.791705696,8477.499526244,8200.939201929,8294.743596648,16884676152.496897
2019-10-03,8299.647676192,8361.919233145,8179.062792213,8361.919233145,14388816764.907316
2019-10-04,8355.824454953,8379.401244318,8105.82445839,8232.129997665,13113453370.500526
2019-10-05,8229.143722637,8229.143722637,8075.794879395,8155.655358897,13744039776.37676
2019-10-06,8151.39049692,8163.928569083,8044.380024243,8130.134393189,12177117326.532265
2019-10-07,8132.042462349,8146.147351539,7850.254887733,7876.455217631,12147006810.9726
2019-10-08,7884.202457388,8276.593674239,7819.2522184,8196.151959898,15412261525.85769
2019-10-09,8193.897663235,8311.881016769,8134.994324144,8189.796865126,17158691137.634642
2019-10-10,8182.596584042,8627.959232194,8128.889729005,8572.837276209,16434316986.590736
2019-10-11,8566.656500404,8626.435857946,8451.919832781,8556.950238475,19365691564.43617
2019-10-12,8559.836001759,8712.408923257,8272.024050522,8272.024050522,18640375940.36436
2019-10-13,8274.654084824,8386.981475311,8274.654084824,8314.921537248,15846192934.8514
2019-10-14,8310.145411179,8435.447811075,8246.244358698,8294.599727264,12414944133.785309
2019-10-15,8289.073814688,8363.631139914,8237.658240833,8347.201506449,13897961307.390532
2019-10-16,8348.315575696,8386.856510757,8144.31772147,8174.781558437,14132500731.96211
2019-10-17,8174.179979422,8182.888776279,7951.452173756,8008.809279101,14890138553.348158
2019-10-18,8003.417785957,8112.721653602,7948.820153465,8075.178241452,14962001430.666658
2019-10-19,8073.200474823,8108.729807857,7880.418127858,7955.464770683,14689333202.206009
2019-10-20,7952.310000157,8026.427781552,7916.211744623,7950.124307851,13469121763.54235
2019-10-21,7954.616126618,8254.275408258,7900.438614016,8202.005472651,13689730159.754784
2019-10-22,8211.341400254,8269.437580008,8162.813049258,8212.771665108,15370372085.088844
2019-10-23,8215.031226909,8278.600259005,8027.920376243,8040.006228697,15044562472.96592
2019-10-24,8036.487926759,8052.264330486,7398.577412276,7469.521062846,17812755885.624397
2019-10-25,7480.706885659,7500.371453126,7377.740725355,7440.037915254,18981331415.99855
2019-10-26,7432.693138298,8678.882279927,7421.365392265,8651.134449573,18738952733.51674
2019-10-27,8652.60800883,10112.45209391,8651.282623885,9235.929531419,46466597084.9797
2019-10-28,9235.005228243,9722.660857996,9096.936235174,9544.094411496,33550698245.02006
2019-10-29,9535.718920751,9820.904166092,9234.267438557,9234.267438557,35593127802.80169
2019-10-30,9232.769631326,9503.154820774,9195.925003738,9411.88531791,28823080713.17984
2019-10-31,9408.955443262,9408.955443262,9041.091175322,9162.391745136,27636488312.4012
2019-11-01,9155.155923773,9326.32380365,8977.505324555,9154.923648472,24122194386.384724
2019-11-02,9147.035370281,9259.644920454,9061.564215052,9225.753942278,23423542842.945267
2019-11-03,9229.521817605,9337.917916968,9206.694125143,9290.257018683,21641092219.16337
2019-11-04,9289.89288834,9353.715862998,9106.312350671,9205.743201034,19491017665.942013
2019-11-05,9201.271372755,9465.447836605,9140.776085187,9389.905541185,20013705970.259697
2019-11-06,9383.924655172,9427.610414592,9199.030246575,9311.283796968,25633993748.18012
2019-11-07,9305.755650856,9407.765235285,9264.370002347,9329.520807093,22773683290.748035
2019-11-08,9320.858526564,9351.507682386,9154.517522463,9219.011987478,21386732950.847885
2019-11-09,9217.490864466,9252.359776086,8741.358471588,8791.640946347,22392277631.808456
2019-11-10,8790.379450972,8878.660848909,8761.105475182,8818.43226403,20903331341.949203
2019-11-11,8814.218854096,9084.836687216,8769.040650714,9043.004448601,18865154158.8606
2019-11-12,9037.812386506,9064.516857206,8657.677708995,8732.15412281,21474225431.478584
2019-11-13,8737.614064316,8823.837603201,8630.703842526,8801.603779134,18549053910.671352
2019-11-14,8807.509311535,8807.509311535,8727.530743868,8785.801622778,18311776804.66737
2019-11-15,8783.686952919,8794.527283025,8620.686437847,8662.422431497,18018026600.85873
2019-11-16,8659.294177669,8726.808562554,8450.8778637,8474.539001785,19571089078.109665
2019-11-17,8477.049472027,8524.79806089,8457.82581856,8497.411044782,18266153675.23622
2019-11-18,8498.554736481,8591.874088791,8420.02373779,8503.04943466,16068981643.99694
2019-11-19,8504.159201877,8504.159201877,8177.459128804,8211.78969301,18122849023.914646
2019-11-20,8204.164186924,8216.662931452,8043.4537518,8134.769580205,21641717591.41986
2019-11-21,8138.290661915,8179.756406056,8066.844846716,8097.187492427,18743906405.93744
2019-11-22,8101.952120246,8126.008723481,7574.878247567,7631.016803397,19580512635.16447
2019-11-23,7632.873769926,7688.688081972,6915.817983561,7290.351827984,28409580486.224964
2019-11-24,7278.817250728,7332.279034818,7108.065158989,7316.797514649,28070277489.5884
2019-11-25,7310.162692926,7325.983704047,6932.313157281,6932.313157281,19688077432.647324
2019-11-26,6931.499193615,7345.912930272,6583.225112442,7133.946457871,28072860618.34446
2019-11-27,7126.953913947,7312.507515879,7058.832881688,7169.264737836,25274129965.20645
2019-11-28,7161.296598099,7628.132237788,6885.235981707,7502.033156435,21528088248.629696
2019-11-29,7514.018760727,7616.178610862,7405.172244296,7442.795357732,23196231678.85349
2019-11-30,7434.173194419,7797.008350772,7431.608268829,7740.415549447,19637751265.72024
2019-12-01,7743.650338185,7776.99217094,7481.732584017,7548.613483041,18558072916.98575
2019-12-02,7551.709861219,7551.709861219,7276.632368504,7417.184161887,19448581691.419365
2019-12-03,7405.658938092,7419.104007525,7209.443281888,7315.108656927,17497508154.749622
2019-12-04,7307.988591896,7384.127710998,7267.859219306,7300.20831055,14980928828.27558
2019-12-05,7297.072604076,7551.495024374,7118.390081796,7216.45616286,17283223591.60506
2019-12-06,7200.139780061,7456.145388748,7188.051035936,7386.51006291,21771942872.71732
2019-12-07,7388.417903908,7532.61098739,7328.711289483,7532.61098739,18201556007.12047
2019-12-08,7529.891567765,7571.745151994,7488.40296516,7496.125957769,17516422533.457024
2019-12-09,7495.498070338,7544.078599557,7395.935569224,7516.676668173,14839255939.762863
2019-12-10,7511.276362839,7580.073106413,7315.434945215,7350.418118369,15758507373.4147
2019-12-11,7348.37390815,7388.386963149,7191.154971056,7233.814525048,18266169084.28163
2019-12-12,7227.631556618,7265.968523262,7161.674785097,7199.716155364,16414726727.45908
2019-12-13,7204.510776332,7251.319702812,7122.427523192,7202.46079296,16462585927.788164
2019-12-14,7197.05304267,7289.915897816,7195.239547235,7255.126876879,14598717509.36564
2019-12-15,7257.669869466,7268.679039935,7035.598502098,7078.955218817,14111391071.938242
2019-12-16,7072.383784552,7155.337433254,7026.94612641,7120.922417547,14644394191.144522
2019-12-17,7118.479133455,7138.605286064,6859.198078031,6902.888387618,14930223069.116924
2019-12-18,6898.577590882,6925.012567441,6589.119305464,6624.129257675,17871010703.791706
2019-12-19,6621.871889791,7310.394958242,6455.524825756,7275.754883601,23544326241.797443
2019-12-20,7270.845254352,7335.823832419,7059.449130278,7150.376098438,27989461214.81813
2019-12-21,7149.884817113,7210.140664428,7098.240014077,7185.155243857,19090224845.26383
2019-12-22,7189.186325796,7189.186325796,7130.787125626,7138.888883851,17216556747.583508
2019-12-23,7140.32026181,7482.961455839,7130.735076477,7482.961455839,15859553796.773232
2019-12-24,7492.45029805,7664.109374944,7292.652163381,7329.609333692,23553693248.251907
2019-12-25,7327.790252207,7408.118470216,7180.371932831,7240.62033283,21901304372.389088
2019-12-26,7259.115863808,7263.235588139,7146.05977284,7205.3806879,18541417893.721123
2019-12-27,7206.513103227,7407.99090794,7170.48225104,7211.341193713,17261944405.213764
2019-12-28,7209.301104194,7260.341054293,7111.398497164,7246.422424633,20987495731.49436
2019-12-29,7248.512129224,7347.520016294,7242.853379997,7312.04457,19186434309.4728
2019-12-30,7312.006786468,7487.899094121,7257.396558144,7386.37606034,18316582002.147324
2019-12-31,7388.393119126,7397.633412698,7234.181930629,7245.988922674,20205730608.95137
2020-01-01,7245.200684558,7300.392728006,7155.958221183,7202.624250734,19231685730.93129
2020-01-02,7196.61464775,7252.034227901,7182.140635881,7213.918462217,17174701192.721855
2020-01-03,7214.705283027,7222.856260595,6953.660847796,6968.274896337,16978615552.320255
2020-01-04,6967.51107306,7384.887332524,6891.532175446,7317.184074338,23323885155.707115
2020-01-05,7324.098144991,7373.7943974,7290.638622143,7358.491964047,22091911757.372955
2020-01-06,7356.759129712,7475.155225639,7341.45668574,7352.362745092,18782091517.37236
2020-01-07,7361.712600237,7764.21795016,7357.585483456,7764.21795016,20385990287.92437
2020-01-08,7751.389283527,8173.268894564,7751.389283527,8155.216395206,26898528961.36388
2020-01-09,8152.750894301,8431.806289382,7889.175445587,8055.759827258,32572235030.895
2020-01-10,8047.810851678,8047.810851678,7781.210633946,7829.063239858,27423415908.25392
2020-01-11,7821.633549759,8160.41356717,7699.760199871,8160.41356717,25445878088.332382
2020-01-12,8173.013790191,8249.130106671,8024.156861576,8024.791558571,29273068672.2516
2020-01-13,8031.849294841,8168.956022809,7979.109216272,8164.590607768,23264705657.57096
2020-01-14,8174.754397887,8176.991753055,8065.080319568,8116.969510017,20209676488.402725
2020-01-15,8106.521950326,8844.280645076,8106.521950326,8838.564861799,30880804631.850952
2020-01-16,8818.537331019,8875.853271286,8409.183692222,8807.632433908,41907940746.90112
2020-01-17,8814.531198942,8840.121840206,8606.312632729,8722.037088492,30633889567.394585
2020-01-18,8725.248860453,8985.126764006,8675.456403323,8921.648280804,29962458959.55772
2020-01-19,8914.23845602,8970.022162485,8821.66880923,8929.544856857,29485862975.67403
2020-01-20,8925.609579228,9170.718170719,8587.801980243,8697.342225048,29631647239.100475
2020-01-21,8706.122036344,8739.596899835,8540.670356241,8639.196220239,25527853490.943573
2020-01-22,8638.623746781,8760.412470813,8531.709621649,8747.381850419,21133613685.66009
2020-01-23,8734.172883547,8785.169479764,8628.227700466,8672.801078606,21487927493.79023
2020-01-24,8678.100847957,8679.203317945,8314.340390935,8391.607956581,21694293542.31456
2020-01-25,8410.044844399,8512.004662877,8243.925763985,8440.287025972,21819201521.969257
2020-01-26,8428.523168159,8443.511628413,8284.916896083,8366.208771054,18942559761.601395
2020-01-27,8350.912434142,8602.219769778,8317.574928674,8591.002875698,17062357023.911625
2020-01-28,8603.44599155,8949.882036107,8595.699982165,8895.603627951,21864918499.87687
2020-01-29,8896.167778512,9334.836393301,8896.167778512,9334.836393301,28386922234.09569
2020-01-30,9361.341368662,9399.970873569,9264.581114883,9304.918063766,31677015378.88771
2020-01-31,9295.295573713,9554.568011022,9226.934034856,9503.267999973,27862509999.088432
2020-02-01,9498.823463288,9512.289712172,9236.47552929,9336.132884714,29879074256.12286
2020-02-02,9345.862971879,9448.900119075,9307.566840979,9386.105651619,24669132631.411457
2020-02-03,9382.886002525,9451.075249365,9222.505434595,9339.574889161,25513782426.06324
2020-02-04,9332.390335202,9545.342884568,9253.044317893,9302.36265841,28287364412.594486
2020-02-05,9299.27391584,9337.172943076,9116.753963881,9187.070016251,25453389344.38254
2020-02-06,9175.377439615,9684.328803636,9163.041622942,9602.309743074,27369542844.8735
2020-02-07,9605.879401946,9835.472653444,9541.800636909,9754.07841167,33460093620.22692
2020-02-08,9760.277761484,9871.278061428,9747.322679613,9820.295541559,31575968441.41629
2020-02-09,9878.102326096,9911.33485993,9678.528905515,9899.911944208,27781716512.858826
2020-02-10,9890.510298711,10136.292375953,9882.112054443,10128.750275518,30830691930.953083
2020-02-11,10128.723888224,10154.399803318,9787.316091433,9869.436911635,32809761670.321304
2020-02-12,9859.706677059,10283.609362086,9729.947875627,10229.700902488,32344589624.22816
2020-02-13,10220.508924458,10396.605743004,10220.508924458,10327.554589217,37536325030.77256
2020-02-14,10313.911197328,10458.550677107,10104.987970682,10225.415261826,40279999808.96401
2020-02-15,10229.150079749,10360.532078348,10110.834261583,10327.512334976,38621696717.55168
2020-02-16,10328.115008416,10366.437841436,9862.309991308,9903.077896912,35159749254.72129
2020-02-17,9908.084221839,10032.343092004,9687.006103024,9969.235680452,36525467233.54653
2020-02-18,9939.757984886,9940.394815153,9481.850576798,9711.996027942,39598298473.51138
2020-02-19,9700.842004608,10209.58606591,9620.499124506,10144.896496497,38169582164.26966
2020-02-20,10152.939757068,10214.653170618,9603.34086127,9621.766805943,37096619902.53132
2020-02-21,9612.45634826,9656.516877477,9483.963621918,9612.39263243,38453745129.30991
2020-02-22,9600.491436833,9746.933193634,9576.364242074,9683.453205911,33072200100.22486
2020-02-23,9683.663802783,9700.679432526,9582.977249442,9667.521623153,29322369849.73708
2020-02-24,9663.250800451,9951.126733768,9663.250800451,9923.659319612,29496972972.89244
2020-02-25,9953.140109016,9972.513507261,9518.287042595,9664.370231955,33711384526.733288
2020-02-26,9662.360386721,9905.852191638,9315.47612378,9358.388620384,34745765383.73613
2020-02-27,9327.165780323,9368.457956608,8692.901590615,8829.543592945,35462874215.674545
2020-02-28,8695.374107935,8975.439388304,8565.953034305,8775.595015544,37863755310.13052
2020-02-29,8812.547056153,8892.751475553,8477.509710623,8731.610771305,31653812954.63452
2020-03-01,8750.14460552,8783.127593985,8569.467784718,8569.467784718,28569338388.81861
2020-03-02,8550.541951959,8710.274182381,8426.707718116,8557.504357584,25805457967.583992
2020-03-03,8549.340701251,8956.124737223,8518.222266266,8900.068550262,29111523358.530468
2020-03-04,8907.40805683,8907.40805683,8679.939334868,8772.476036802,31679555793.09885
2020-03-05,8762.362408192,8839.479071446,8554.100335166,8749.500221929,29780398865.10921
2020-03-06,8756.306451651,9136.660962335,8756.306451651,9051.139212389,28798098411.369083
2020-03-07,9062.478817977,9150.674743543,9007.385122437,9129.266627707,33574313953.088737
2020-03-08,9133.485034103,9167.919947157,8869.500326368,8898.942077756,34911099914.61379
2020-03-09,8898.958236547,8898.958236547,8042.736084463,8042.736084463,33505674162.182323
2020-03-10,8045.081282543,8132.647862811,7664.882825524,7915.672114634,37959208549.61916
2020-03-11,7933.949977278,8139.026940977,7794.194169827,7900.821325967,34726963415.41885
2020-03-12,7897.141265314,7963.670417156,7627.475829,7931.347542963,32035157695.883503
2020-03-13,7932.112311909,7953.436635033,4684.824346389,4724.392684378,38263176500.41835
2020-03-14,4799.696383318,5891.890068654,4003.591031768,5518.647280507,60723203714.91818
2020-03-15,5585.038431457,5611.99197394,5120.784387384,5212.979297886,41904880597.15357
2020-03-16,5200.968199503,5832.913922816,5168.397855912,5381.745246919,26391424072.39053
2020-03-17,5374.039138323,5374.039138323,4528.299569558,5022.578106242,33030427611.93749
2020-03-18,5008.440359182,5446.809002353,4968.735363742,5362.320406925,36376336243.88972
2020-03-19,5322.867474491,5396.96940241,5047.756898995,5365.581534299,30708432421.46001
2020-03-20,5363.797911144,6373.372918882,5280.250820037,6160.004718461,46227050479.47742
2020-03-21,6163.652015817,6845.32391062,5816.372412437,6192.309975228,82173623931.31546
2020-03-22,6211.467472707,6428.249245557,5921.28429644,6149.79835117,74321910267.06207
2020-03-23,6162.351079007,6385.923935786,5796.48831305,5843.158786255,49039501835.036606
2020-03-24,5836.556172955,6500.702806776,5769.090030033,6467.459038287,48057935733.18337
2020-03-25,6465.057235512,6776.051150412,6390.800015169,6736.044984352,41093254549.53146
2020-03-26,6740.887504072,6909.427937704,6509.137356817,6681.336594453,37094888214.32621
2020-03-27,6679.399746719,6750.800609213,6563.679185357,6736.291779135,29627849180.95964
2020-03-28,6736.947798631,6820.942203709,6377.749563627,6377.749563627,28806208012.94218
2020-03-29,6378.656391936,6378.656391936,6073.035097868,6239.838831896,27085157179.30965
2020-03-30,6241.956890205,6241.956890205,5908.106131654,5917.297073238,23647684302.30828
2020-03-31,5900.006585031,6546.928546829,5877.928854829,6424.078447239,27021350124.509834
2020-04-01,6397.716177481,6496.833910194,6358.758000958,6431.262412871,27431559375.4596
2020-04-02,6419.060999071,6601.951969107,6176.881757456,6598.287014759,25637412066.59383
2020-04-03,6591.46674841,7112.018153073,6572.988865858,6807.465142308,35949707671.355675
2020-04-04,6797.838573991,7009.425589852,6630.440002188,6733.747734803,37167518958.50795
2020-04-05,6733.667480769,6867.941777985,6693.177965417,6847.730054844,27880150848.34616
2020-04-06,6847.445950011,6874.52863927,6710.016206243,6789.732164723,25269670113.00513
2020-04-07,6789.732157002,7291.003704572,6789.732138765,7279.161792257,31594108802.99503
2020-04-08,7317.027619319,7428.30618983,7122.743853702,7198.770191509,39144962205.87615
2020-04-09,7197.669188418,7376.150588799,7171.11416436,7352.328771068,32753738688.82884
2020-04-10,7350.84701265,7355.680725464,7166.887911175,7293.584360283,28609068744.733494
2020-04-11,7287.828928937,7291.256765901,6773.42590225,6859.8337374,32004749572.41228
2020-04-12,6870.159673057,6930.589447796,6773.981140848,6869.586551932,30015475132.19048
2020-04-13,6873.738524108,7151.799963148,6797.613534862,6977.230635882,25365748775.63188
2020-04-14,6925.828475568,6925.828475568,6651.14095836,6837.422539886,31953029026.479736
2020-04-15,6841.808244666,6956.211497916,6778.251961362,6856.179093865,28504195497.14
2020-04-16,6860.026011278,6915.825190547,6629.918818011,6637.791815543,26821228375.741028
2020-04-17,6632.63386755,7136.02127105,6531.440044339,7088.799491826,33497785088.697475
2020-04-18,7095.723992935,7127.521095703,7028.621058964,7034.54035767,30376034250.39268
2020-04-19,7038.544102498,7258.392590721,7038.544102498,7233.157423116,24783424486.781742
2020-04-20,7238.813999982,7238.813999982,7084.171815922,7133.148679405,25713381019.62184
2020-04-21,7130.802845592,7193.471505797,6802.728636355,6856.78595335,26956989050.526352
2020-04-22,6850.014587444,6909.394476465,6793.922255098,6851.005362273,29393938160.49608
2020-04-23,6848.63295458,7127.934459289,6828.232224184,7106.551177031,24916975279.04645
2020-04-24,7114.279112919,7612.469032722,7043.728865892,7464.891126761,30103580671.250164
2020-04-25,7470.507761039,7584.586417134,7430.217501847,7497.353392645,31706852571.210106
2020-04-26,7499.599961892,7600.653705636,7452.971185234,7535.263896666,25858610305.703373
2020-04-27,7536.121952295,7667.00624538,7529.539216758,7665.828318069,24111822559.901714
2020-04-28,7676.112823842,7766.689761497,7651.244533788,7766.689761497,27154195067.964497
2020-04-29,7772.739891966,7772.739891966,7668.774697396,7754.222425558,25836558088.101906
2020-04-30,7747.510263013,8878.881233865,7731.959973293,8759.789190303,34278610731.338528
2020-05-01,8756.427416307,9425.798393921,8476.196338377,8607.329832118,56288690521.042114
2020-05-02,8629.22539759,9025.379731823,8629.22539759,8832.98125113,43425802327.72872
2020-05-03,8822.562075026,8992.528434762,8778.174810517,8974.922892482,34889762273.70067
2020-05-04,8973.683542098,9157.860150652,8765.817977746,8894.362674812,36776322130.07504
2020-05-05,8895.40132796,8933.905220051,8571.361768438,8883.30678116,35712348408.14831
2020-05-06,8876.401349039,9060.014739282,8826.544714935,8967.997704233,34606031419.30998
2020-05-07,9013.045880952,9353.209746724,8936.688923797,9198.252700851,37332792656.473495
2020-05-08,9170.34293096,9985.692228524,9086.608455505,9968.105282228,44195883977.58345
2020-05-09,9943.631675014,9995.180686805,9753.752318004,9822.88562923,50787616033.86071
2020-05-10,9814.400817443,9900.431520932,9559.705894324,9570.005987549,36759061346.29943
2020-05-11,9554.216376872,9554.216376872,8388.959555308,8745.152545192,49096426545.483246
2020-05-12,8747.339336473,9108.035700011,8303.339059283,8593.856494464,43551499511.74325
2020-05-13,8583.604045247,8940.956452104,8566.733028151,8792.063767945,44269698682.52976
2020-05-14,8804.984468115,9363.647602379,8804.984468115,9302.896540995,34610987892.58701
2020-05-15,9298.001841958,9836.468002521,9273.44989089,9772.561575826,44963754585.06541
2020-05-16,9772.438556695,9803.1302315,9240.452877397,9293.972171086,44345543412.008224
2020-05-17,9307.561701696,9556.384605625,9235.124285492,9380.484219264,35516301774.01888
2020-05-18,9383.519750548,9835.576125011,9349.102058943,9667.578396738,31980216368.50253
2020-05-19,9672.109015684,9901.963052503,9563.109965784,9733.739136589,36680111315.17609
2020-05-20,9724.567636323,9852.625432196,9518.78599357,9761.178765113,33953354776.591995
2020-05-21,9769.895544978,9805.300343078,9441.170645581,9524.434063671,31304878616.17152
2020-05-22,9519.329840978,9558.120910914,8859.743095929,9073.693078891,33726116883.189507
2020-05-23,9059.871783777,9244.459499721,8973.510050864,9160.705420055,33446538580.7267
2020-05-24,9167.548507265,9294.044721519,9114.398031171,9180.527996785,26003317556.249058
2020-05-25,9178.757641698,9278.961893382,8791.793685125,8791.793685125,25780142754.70105
2020-05-26,8765.900390232,8944.683018229,8708.15435771,8897.213209214,32589017640.77668
2020-05-27,8894.327429246,8985.206386256,8745.730775382,8850.354200037,29122854004.021027
2020-05-28,8855.98982941,9189.868582806,8846.784743008,9165.144673701,29023731426.99337
2020-05-29,9177.549169961,9566.465329353,9123.651670492,9536.159368896,31339127072.194485
2020-05-30,9540.936504363,9558.557224368,9374.994595649,9418.133839887,34433975805.11112
2020-05-31,9415.670494725,9708.464045986,9351.301217079,9693.552426994,30240847830.504707
2020-06-01,9694.273434848,9694.273434848,9420.259757406,9449.860914083,30164673988.71284
2020-06-02,9454.105516725,10232.61773952,9433.579202487,10177.770353698,27483501150.54016
2020-06-03,10167.402716008,10174.000383287,9396.444267009,9538.727853222,40117755689.735245
2020-06-04,9542.709506676,9652.629014484,9454.87867805,9652.629014484,30774114397.07087
2020-06-05,9654.855411483,9854.888471732,9506.048535426,9803.990305736,24537394171.08556
2020-06-06,9793.27132179,9836.166994131,9641.720671136,9641.917174627,25839305931.79697
2020-06-07,9636.570304688,9723.004458737,9568.154880149,9662.323105336,21994182984.204647
2020-06-08,9661.568387778,9769.288374835,9456.736415239,9742.573822416,19781866056.33938
2020-06-09,9747.856807497,9778.403103301,9667.039256707,9773.301577068,24804583214.652023
2020-06-10,9774.133918383,9841.159197083,9657.177237822,9769.869087608,22201874671.161858
2020-06-11,9771.820948992,9966.962941217,9716.219496684,9864.561413157,21335294207.64187
2020-06-12,9864.195678036,9924.656934423,9257.352855233,9314.378159997,28078869432.744137
2020-06-13,9304.399497146,9538.688427765,9263.997892042,9460.375484512,28635953787.93772
2020-06-14,9464.718260865,9472.851520534,9378.910664131,9463.820529397,18853236921.955284
2020-06-15,9470.194859489,9470.194859489,9295.788821574,9352.845602064,15802769087.108826
2020-06-16,9352.512538141,9485.445504756,8960.667050118,9421.652179904,24311638545.7712
2020-06-17,9422.305416409,9566.212937298,9381.984433769,9520.484680768,24399990285.160183
2020-06-18,9522.880923528,9540.093920682,9309.953063527,9463.405493001,18609541664.250973
2020-06-19,9461.519582144,9461.908823341,9302.884494285,9401.552893373,18874354828.706947
2020-06-20,9393.868924654,9412.352789032,9263.216635135,9305.901804693,19527343337.210407
2020-06-21,9316.226995996,9373.053281646,9252.759373143,9348.977142148,17932871013.468918
2020-06-22,9351.832000427,9449.308884074,9289.89379981,9289.89379981,15448764609.546492
2020-06-23,9295.515456527,9697.175129829,9290.806476198,9685.845286855,16669106171.763002
2020-06-24,9683.93363181,9712.302931214,9586.803715355,9614.94360605,19667576806.758327
2020-06-25,9619.310235827,9664.023907562,9242.954368158,9289.303604875,18027557224.35012
2020-06-26,9302.941246255,9324.51668625,9066.601836927,9254.748295924,21449477389.80164
2020-06-27,9253.790441841,9290.336555849,9075.259418353,9165.503578236,18745051955.67498
2020-06-28,9162.617898746,9191.410747823,8942.426190009,9014.22427198,16646055896.967407
2020-06-29,9014.405432599,9178.957416344,8961.236006688,9118.117533044,16823321855.415232
2020-06-30,9126.119998539,9219.3928138,9042.933317274,9180.15902631,14838631119.367802
2020-07-01,9179.411116214,9190.72068054,9076.059608318,9145.560607003,15421116288.976725
2020-07-02,9136.040257457,9283.111144786,9102.358833701,9225.668161404,15043273940.040756
2020-07-03,9228.082821044,9253.257937328,8991.466115864,9084.054479317,16368750494.83271
2020-07-04,9081.57397891,9117.536880955,9059.7879362,9065.57798453,16093715203.20002
2020-07-05,9069.815385774,9178.139100209,9053.808488932,9127.518466541,12619370983.194368
2020-07-06,9131.495458412,9137.447368699,8957.560299802,9072.772592194,12978699502.854044
2020-07-07,9077.942345453,9342.540315737,9053.655688422,9342.540315737,16794093511.509249
2020-07-08,9339.715305852,9363.358154196,9220.037597258,9252.355179756,17246307333.957176
2020-07-09,9257.371172247,9453.376947211,9241.340229654,9420.350154587,16333234232.439144
2020-07-10,9428.606013606,9429.390147452,9201.801168039,9240.366175725,17978271912.031075
2020-07-11,9239.746147902,9288.712670338,9141.271506372,9278.447734235,16354705418.081438
2020-07-12,9276.580057192,9283.619995783,9195.588708669,9231.320100491,13061147820.357237
2020-07-13,9230.979937074,9313.256344017,9187.861566553,9286.726084869,11952544232.061483
2020-07-14,9297.137398499,9320.456357791,9217.6095152,9247.107825483,14936740773.710249
2020-07-15,9242.639686936,9273.110343346,9155.100177942,9254.20447377,16272167655.737452
2020-07-16,9253.721450557,9269.70497122,9182.048444031,9206.764838048,14662526150.233889
2020-07-17,9200.64875465,9220.828575391,9058.920621674,9137.239203353,16582669314.765694
2020-07-18,9135.106244183,9176.80158001,9094.505948019,9155.773355258,15270491655.545956
2020-07-19,9156.427377405,9196.230068107,9129.37505532,9170.802680627,12785910296.40608
2020-07-20,9169.952206175,9213.285053866,9119.533813238,9207.816995889,11947063843.278791
2020-07-21,9207.293260351,9212.380925894,9151.486580544,9164.069788541,13940188804.0036
2020-07-22,9162.179687978,9419.400449703,9160.240988246,9385.174346234,18926176904.525696
2020-07-23,9384.637280301,9524.321572447,9306.723329486,9518.901022149,19256793736.38002
2020-07-24,9523.658036525,9627.169018658,9474.580562269,9592.963304038,23101832608.06475
2020-07-25,9600.611539764,9629.070858431,9477.722155112,9545.046629108,22466772026.639526
2020-07-26,9547.494177357,9716.605723596,9534.582155714,9686.12071608,21037125903.81843
2020-07-27,9697.515158668,10073.225302378,9652.913997826,9917.359473893,28010517868.526413
2020-07-28,9921.922095493,11339.802964562,9920.003523312,10996.536599024,42213334217.12326
2020-07-29,11016.823968704,11204.30926182,10644.973897976,10895.733957139,63042796645.341415
2020-07-30,10905.328257283,11282.250867517,10839.390923616,11073.297879589,39989495152.793465
2020-07-31,11084.616889704,11157.271938383,10894.505785672,11109.23106292,36055471756.47663
2020-08-01,11100.383358723,11425.720229749,10978.05278115,11334.58546549,32449292482.92079
2020-08-02,11336.032192675,11848.394506952,11243.913287959,11800.389870165,41384071141.67795
2020-08-03,11797.816325549,12078.658121818,10983.149379365,11073.607655717,52188598140.94586
2020-08-04,11070.059688711,11465.339587039,10998.679726189,11246.255476837,35112734940.51132
2020-08-05,11228.30377132,11391.633522431,11075.23021463,11194.554614509,33863638681.677124
2020-08-06,11196.17762218,11769.269605624,11133.728519023,11732.927950313,31972193671.72712
2020-08-07,11738.742931047,11895.071833471,11574.343817906,11780.285372344,37150220757.46503
2020-08-08,11777.538369034,11885.863153392,11392.409655418,11583.159273747,34481886917.36372
2020-08-09,11592.016894437,11802.13589632,11541.270301023,11728.585226911,31999650196.172714
2020-08-10,11758.323338153,11784.905447868,11539.762593548,11648.083166166,27135096720.09976
2020-08-11,11666.673083738,12031.870652052,11666.673083738,11867.866490683,36150631837.6107
2020-08-12,11885.451397024,11927.491912685,11185.182121576,11395.405816094,37908458366.05912
2020-08-13,11397.039450146,11607.740818595,11238.647352159,11576.814266862,42464680750.60656
2020-08-14,11567.066722511,11773.088455502,11301.370139918,11763.009141034,35020081227.88009
2020-08-15,11765.96545346,11830.530275557,11657.287583798,11742.876373856,37984318894.68006
2020-08-16,11755.708157766,11966.488278236,11755.708157766,11865.383052744,31579519762.251328
2020-08-17,11857.113343103,11912.908055212,11706.352598874,11892.68092121,27103038829.146084
2020-08-18,11892.992797819,12394.345021042,11787.626097961,12285.936628884,29928688831.406265
2020-08-19,12272.578629904,12364.515862013,11892.030440813,11961.994599784,42796629888.69929
2020-08-20,11969.194370738,12007.453785904,11638.94294719,11732.405565665,40374416080.83586
2020-08-21,11742.526098423,11878.737598781,11689.236035587,11866.595191214,33930368813.69045
2020-08-22,11855.744857782,11874.021688888,11511.718101403,11530.919234185,31263106135.312782
2020-08-23,11534.753087279,11687.658399784,11403.802019905,11681.15792601,34813826010.136505
2020-08-24,11680.516312202,11707.263444938,11537.632616373,11653.407286706,25832518308.66244
2020-08-25,11648.112342376,11822.060146586,11601.430913812,11763.761713068,27473249747.71102
2020-08-26,11756.697839883,11761.3604453,11166.88422956,11361.554816122,31693401988.68608
2020-08-27,11338.908192941,11519.647238246,11275.789326675,11463.567970252,36827771241.80988
2020-08-28,11462.852017346,11549.168639402,11188.793220386,11311.240202114,32828842214.21514
2020-08-29,11320.184264047,11504.097677571,11290.095889202,11496.830217387,32588672017.06571
2020-08-30,11502.402891201,11551.262488124,11437.270815301,11485.101567395,24334715746.665592
2020-08-31,11471.661267574,11704.63523542,11468.275352439,11697.794368445,25043705473.359047
2020-09-01,11715.379855157,11764.463114918,11578.522318313,11655.998698678,28817684113.3876
2020-09-02,11650.160999794,12044.02118838,11551.451658336,11921.754916292,36030623507.37392
2020-09-03,11924.492570654,11945.582651837,11231.67949673,11399.148968018,40828722689.696045
2020-09-04,11388.867878174,11435.020123456,10103.862176104,10215.669958645,41460895659.59449
2020-09-05,10158.236884224,10602.968795159,10108.684939321,10473.519453043,51279765458.53506
2020-09-06,10448.690166223,10547.916974341,9902.977528811,10129.786654306,47745079004.76771
2020-09-07,10170.035547011,10339.13787418,9998.060703423,10257.229742702,56682146859.29868
2020-09-08,10248.393996744,10392.073189199,9896.301801447,10356.444382971,41532337191.21848
2020-09-09,10373.819673671,10397.842526217,9893.738057579,10112.206366256,40939773951.82829
2020-09-10,10116.665555577,10335.324719057,9983.509539052,10214.15437465,37822798641.018166
2020-09-11,10222.607116174,10464.140794506,10222.607116174,10334.638647185,32645377052.380928
2020-09-12,10336.832477149,10386.96005936,10215.871866891,10374.778150971,32078835059.6971
2020-09-13,10385.229624919,10476.97009882,10275.987112159,10438.37739278,27091848643.13046
2020-09-14,10441.288022204,10558.520969717,10218.636885809,10315.666411066,28367164217.130424
2020-09-15,10327.098000193,10737.483586635,10252.702899764,10665.113719053,31933742977.118027
2020-09-16,10671.462234795,10926.458731416,10637.487731928,10782.99980322,36621455087.98503
2020-09-17,10782.041277235,11079.289955111,10675.817591205,10946.921228692,38086295936.33511
2020-09-18,10943.450985538,11036.74463961,10767.361964834,10934.419674311,38373393891.39983
2020-09-19,10939.784675648,11018.743956734,10821.367226748,10916.970917053,33299227979.83016
2020-09-20,10933.952567389,11139.965954687,10892.869243459,11076.850892878,29847423554.188065
2020-09-21,11083.428565628,11083.428565628,10779.619326367,10914.687407947,27984393947.67808
2020-09-22,10920.987708412,10982.259479574,10349.49247776,10427.87773384,32049045619.888496
2020-09-23,10415.099656746,10557.444927881,10365.734692215,10531.351535286,31760586510.95583
2020-09-24,10529.278889306,10530.332328559,10180.505865872,10231.051311501,24341912905.56212
2020-09-25,10233.353551861,10763.753730141,10219.333956901,10731.532396808,28632863994.68496
2020-09-26,10734.536108508,10747.708065832,10567.237308721,10683.395234217,27637879181.21501
2020-09-27,10685.945175407,10769.907328673,10653.131775757,10739.742577529,22140813155.50458
2020-09-28,10729.819960376,10794.712348307,10620.55817204,10766.522449088,19197868192.35896
2020-09-29,10774.254373833,10937.007798492,10699.633719153,10702.472833045,22685381479.70504
2020-09-30,10692.352301853,10855.716137049,10652.236132304,10839.962683468,23902695206.731125
2020-10-01,10840.600465445,10843.68932657,10668.735161548,10766.814094563,22225613190.089066
2020-10-02,10777.14188193,10903.287513844,10472.415389694,10614.303326871,23740107473.44365
2020-10-03,10621.707590072,10662.01398036,10413.940889279,10566.494383933,28608315279.56241
2020-10-04,10570.3669008,10593.702973227,10501.486144013,10541.32189207,20391901419.668594
2020-10-05,10542.058432858,10684.270999744,10524.731279637,10665.698551049,15472962156.749538
2020-10-06,10667.057547703,10784.67081854,10629.995139918,10784.67081854,18073068400.64185
2020-10-07,10788.032090117,10792.260377989,10536.776390174,10604.446854355,19914334722.337044
2020-10-08,10602.399002304,10679.02790455,10567.965459144,10665.252260679,20562068864.540302
2020-10-09,10670.215540269,10931.023279932,10554.550295531,10898.551843619,18775481110.70221
2020-10-10,10920.198990255,11101.815678242,10841.66081493,11066.190869882,23417400425.568005
2020-10-11,11050.675887512,11463.743640155,11050.675887512,11294.994190302,23905936788.754456
2020-10-12,11294.712927937,11429.451339051,11279.862578901,11376.435109896,18400993816.97632
2020-10-13,11369.010052727,11696.482701892,11245.106890736,11544.137639625,21028934723.031235
2020-10-14,11531.360287501,11542.293836596,11324.197128691,11423.480015091,27767799953.70613
2020-10-15,11422.024201063,11544.578698772,11292.511892291,11426.367479344,22671063126.89314
2020-10-16,11417.105463767,11573.553664506,11291.765080966,11492.615897338,23046051336.079063
2020-10-17,11498.950040832,11539.220687877,11234.819023931,11312.662784187,25895236932.838688
2020-10-18,11316.374413365,11386.519670632,11278.311545193,11368.484736962,18609745832.274216
2020-10-19,11358.127960306,11490.015808249,11349.941714456,11490.015808249,15237087835.406223
2020-10-20,11500.032381833,11799.991170623,11420.516174237,11748.376783365,18200393175.51507
2020-10-21,11751.373870164,12004.208235424,11696.289357278,11910.242112809,26904815394.834343
2020-10-22,11908.741437109,13190.093701222,11891.811346113,12808.795951863,38524738667.9235
2020-10-23,12799.953004596,13162.648280435,12698.499309463,12958.537189204,44415617058.03408
2020-10-24,12964.757291175,13014.063168254,12740.00614402,12929.022175701,32656688931.649178
2020-10-25,12929.781613193,13139.417631239,12869.964614238,13117.174729466,22616597577.98772
2020-10-26,13115.294062256,13327.975490285,12915.832170488,13020.811715896,23616907117.363083
2020-10-27,13022.015623294,13215.246307023,12821.645820653,13065.536025938,23955461477.269844
2020-10-28,13057.489332144,13775.681647134,13057.489332144,13651.54050526,32537705770.876247
2020-10-29,13639.746153222,13837.306744368,12960.025985765,13275.481261315,40460863642.23352
2020-10-30,13276.349224381,13629.991957156,12987.72993908,13443.531522235,35824326414.72994
2020-10-31,13456.609309997,13661.960099167,13151.416225459,13568.837248108,35824994060.33563
2020-11-01,13554.960433884,13984.749251489,13431.717613355,13795.526547596,32985934324.839622
2020-11-02,13794.548579995,13881.86907219,13629.063928135,13735.006857626,27500088064.66952
2020-11-03,13760.888840264,13826.961490536,13269.505306607,13576.968475843,28341039633.36889
2020-11-04,13556.446654126,14034.321131344,13304.122320606,13973.248876644,31957453140.12342
2020-11-05,14017.051388679,14212.511632163,13589.969148761,14132.96094433,36787608742.723
2020-11-06,14140.354542161,15710.756207542,14100.780242686,15558.525408402,45894350397.81075
2020-11-07,15589.384002602,15922.325592996,15204.987932447,15547.052549124,64505570471.96764
2020-11-08,15568.616616084,15741.75486188,14448.630728465,14821.983251777,43966023319.82191
2020-11-09,14815.051319972,15613.433272935,14748.256936569,15499.081293284,44191246290.48436
2020-11-10,15478.313162689,15798.201003642,14836.543568078,15326.156847868,39301152286.42476
2020-11-11,15313.694553525,15429.005972833,15104.414981969,15280.16349114,42038978766.00832
2020-11-12,15297.95996981,15949.504404586,15282.011824356,15687.480248155,34076621281.51302
2020-11-13,15691.609029632,16299.943642833,15492.641331258,16279.270538159,42629399358.63863
2020-11-14,16297.187308657,16463.293772256,15984.115886145,16316.137259339,46113488949.94295
2020-11-15,16320.047202877,16320.047202877,15725.309160914,16083.588047602,36181426857.15586
2020-11-16,16068.098174684,16131.798573711,15796.54343862,15961.34578839,31319340855.48677
2020-11-17,15948.492682357,16842.984015706,15884.87538072,16725.110727362,32816346805.62136
2020-11-18,16703.980983878,17829.764716014,16577.525090457,17683.759275981,45999622881.28087
2020-11-19,17664.951637795,18475.035135983,17395.811764732,17827.839147466,72012568910.56276
2020-11-20,17769.081098984,18139.036177408,17395.282348173,17806.276919319,61088362075.88866
2020-11-21,17799.981883673,18798.614588928,17763.988551961,18641.285031419,51247577103.92673
2020-11-22,18665.474201417,18956.343147325,18478.416523698,18709.05738082,51342425635.76762
2020-11-23,18673.990470469,18740.898903377,17648.898807899,18413.52696735,51842917681.28616
2020-11-24,18400.416213361,18750.758655205,18032.684212936,18374.452581293,56013957456.03462
2020-11-25,18383.260531659,19412.494296575,18042.082974004,19121.511413257,65582487334.32913
2020-11-26,19151.452512233,19461.568641658,18547.979034051,18770.202102024,66020446070.152565
2020-11-27,18736.048866346,18911.148774185,16290.953384122,17072.810341953,76574550473.94511
2020-11-28,17157.384114714,17419.958076123,16487.301507563,17076.842021809,66090936294.65946
2020-11-29,17133.441135915,17846.943770415,16877.451531342,17707.715790133,40948231069.951706
2020-11-30,17725.686439674,18309.851983355,17549.51547626,18162.123474769,39169112135.10042
2020-12-01,18181.615199899,19802.678916793,18181.615199899,19721.874730214,47907519457.72852
2020-12-02,19692.233922332,19877.368317356,18338.560347128,18855.043740295,68651048241.23216
2020-12-03,18756.509652358,19330.508182511,18356.075312073,19201.276130857,64736169956.75906
2020-12-04,19217.923079202,19587.145690129,18909.027573004,19427.95495995,45460478689.58614
2020-12-05,19430.848422085,19510.639948124,18643.370271105,18737.192660312,42711852976.52263
2020-12-06,18660.486213047,19167.433320893,18560.029882503,19127.656824482,43493402326.58658
2020-12-07,19153.421243258,19374.851388494,18891.567772225,19336.692554651,31248872995.053795
2020-12-08,19363.53181553,19403.803149876,18940.871913412,19190.037781381,33514897152.7213
2020-12-09,19169.816020354,19268.377649289,18279.488207537,18325.054202865,36072867923.53677
2020-12-10,18328.8917672,18624.633202136,17656.943459076,18569.987699691,51894238233.16762
2020-12-11,18541.854651712,18541.854651712,17939.981718382,18261.878450329,42051607215.352486
2020-12-12,18236.776368782,18236.776368782,17604.050116716,18062.118986906,51456006610.403404
2020-12-13,18017.348725996,18905.259874457,18017.348725996,18804.794708687,37864610631.46234
2020-12-14,18795.239774701,19393.314747018,18719.958388883,19169.338451969,36129560660.676926
2020-12-15,19181.39628037,19346.860365094,19021.829780335,19270.746809811,35594491140.73312
2020-12-16,19273.916377975,19540.782576846,19086.032634755,19434.070313033,37207256823.11252
2020-12-17,19424.010728277,21395.554438724,19306.677136097,21367.096307987,48227478063.0557
2020-12-18,21349.656699156,23656.653474484,21265.801183126,22823.459093674,119966786315.09962
2020-12-19,22796.249239005,23239.698771323,22397.095505447,23113.992587247,117018623816.43909
2020-12-20,23131.044599635,24077.494140633,22830.897794011,23844.568074264,63655496241.65176
2020-12-21,23859.672112771,24249.957202152,23101.09890077,23516.402834426,71034858155.1023
2020-12-22,23488.415479729,24065.517799416,22119.2995308,22882.157922681,85145371413.05922
2020-12-23,22743.911418829,23801.640166626,22446.747379281,23801.640166626,83963380723.3052
2020-12-24,23816.037879536,24011.068616736,22789.244690985,23261.78519646,72103119537.01994
2020-12-25,23248.203805431,23749.014698362,22751.926015518,23733.030486264,74435058818.58348
2020-12-26,23719.237056744,24715.078304629,23463.626206427,24652.036519447,57592757106.51821
2020-12-27,24700.991337835,26698.367293831,24519.990432487,26446.973570052,68174322705.22489
2020-12-28,26463.426391226,28331.092732215,26011.660346306,26326.481838017,102567647652.80286
2020-12-29,26269.009679172,27431.904401123,26111.95778725,27147.366752087,99495188799.21472
2020-12-30,27070.01978185,27392.54054504,26077.269943543,27392.54054504,68162303669.41168
2020-12-31,27375.345815751,28938.018882515,27375.345815751,28810.020485478,73712221377.4698
2021-01-01,28863.191665694,29272.578048891,27986.65215298,28977.96181814,79271345825.66364
2021-01-02,28938.896887849,29560.027545775,28718.621788419,29300.190935827,64558591251.664345
2021-01-03,29329.695772117,33158.612438293,29014.295883824,32093.264962249,70104243266.33328
2021-01-04,32148.04850009,34717.662741718,32057.582962965,32877.607282615,124349523093.6553
2021-01-05,32949.399464061,33553.450548496,29066.665437713,31973.832153912,130918256520.55827
2021-01-06,32023.293432691,34359.990071466,30087.201861593,33965.160423041,125426476003.27278
2021-01-07,33895.701913021,36904.218251055,33315.06731261,36904.218251055,120556816942.46576
2021-01-08,36814.681967048,40164.159004366,36345.635772118,39493.128514839,141292953594.38013
2021-01-09,39437.44033739,41849.906402124,36711.862224526,40703.290535401,172295440554.826
2021-01-10,40577.810043195,41291.465971185,38819.670094577,40129.000498579,134582898528.89249
2021-01-11,40083.81722368,41255.979202664,35933.661817445,38299.01960037,107609376316.1692
2021-01-12,38223.373713229,38223.373713229,30592.255264247,35569.722698726,182855100854.8069
2021-01-13,35549.971250334,36524.892022449,32957.846755722,33949.396834015,176864618865.55716
2021-01-14,34060.129315687,37626.126561642,32445.497996412,37359.33215959,126174618899.73376
2021-01-15,37394.122642209,40000.014205919,36882.027990631,39304.686213759,114931563480.27837
2021-01-16,39280.298435092,39645.499119445,34599.968353321,36678.950398519,117305372507.91306
2021-01-17,36833.613578222,37910.764213,35624.47868503,36178.180209501,123693873048.22154
2021-01-18,36061.523742763,36682.760628346,34095.169184682,35786.417028053,92863643157.15813
2021-01-19,35822.529922864,37365.984728677,34840.492160995,36714.843204834,85952054615.28078
2021-01-20,36632.318175571,37701.57868118,36163.74097879,36177.487494105,94696323432.83704
2021-01-21,36002.594349953,36371.093896625,33593.671874948,35636.110992082,98186705206.41496
2021-01-22,35477.524459469,35477.524459469,30202.762335505,30892.802357827,104277748205.7988
2021-01-23,30838.199012273,33800.961797821,28997.512820993,32836.135575065,139223374167.47925
2021-01-24,32976.472137391,33293.433935943,31464.568450061,32045.83959395,92468003469.68349
2021-01-25,32081.018951845,32941.580322984,31122.253072711,32261.744350118,71915450466.46252
2021-01-26,32224.508685312,34818.219001231,32130.657203999,32272.783841286,85932342667.28577
2021-01-27,32305.898873031,32773.465650469,31013.714458819,32577.768696891,94141056517.76189
2021-01-28,32503.855990523,32503.855990523,29329.891444801,30305.343778842,90755198572.16116
2021-01-29,30400.930931436,33755.549370921,29932.908804984,33117.572836963,102591907666.95448
2021-01-30,33332.491752266,38320.825534633,32011.680302496,34241.186845666,152370872355.5225
2021-01-31,34309.766648854,34823.466472083,33037.986187976,34333.107938735,144056482145.46536
2021-02-01,34275.231552263,34275.231552263,32213.318325273,33136.139470858,79168365015.20486
2021-02-02,33082.843766076,34599.997674392,32402.29412938,33513.441195617,89774569869.48357
2021-02-03,33536.478066134,35943.342298691,33536.478066134,35507.127708897,86758683273.6702
2021-02-04,35476.1418073,37565.357808704,35476.1418073,37551.934350785,89352747406.26642
2021-02-05,37659.040571778,38734.575564407,36321.734428475,36938.034865347,95050564959.0524
2021-02-06,36977.782665012,38280.062918168,36634.285663123,37945.964473995,100182647822.41148
2021-02-07,38300.044187397,40858.551618965,38288.9866536,39191.507551212,106251967992.13086
2021-02-08,39260.740661719,39654.670372592,37389.634955593,38888.638236331,102991144866.25604
2021-02-09,38857.116947072,46225.496408246,38044.110471874,46225.496408246,118889434701.5687
2021-02-10,46533.336937715,47893.551624022,45164.667993773,46511.520580186,183198175979.178
2021-02-11,46504.799902823,47281.526416141,43864.280561659,44866.502278149,129490884290.81744
2021-02-12,44809.542155379,48523.099663924,44049.822985271,47680.424437754,125776147417.46043
2021-02-13,47991.937162717,48654.384425336,46459.805609765,47622.56892074,137346856098.88524
2021-02-14,47299.703224291,48089.521489205,46402.367688975,47056.769564544,143039618394.03668
2021-02-15,47123.820707547,49566.060732911,47123.820707547,48673.329709376,144739442865.15906
2021-02-16,48643.603406616,48884.837314601,46167.980204254,47981.977492583,121933582464.31572
2021-02-17,47927.987260302,50344.017500916,47187.624536482,49261.050774171,128596282134.78947
2021-02-18,49128.607890832,52514.956601818,49088.69796565,52127.620932861,142714894908.7139
2021-02-19,52091.9258349,52493.726678308,50920.666933165,51656.846873218,120111456625.69244
2021-02-20,51564.717399117,56229.120609577,50856.485178347,55795.155052979,113055134900.88724
2021-02-21,55841.110508027,57530.021690749,54753.834239833,56008.787435495,140453622250.90015
2021-02-22,55969.530622648,58301.831486473,55560.541830753,57367.946141722,139771860152.9566
2021-02-23,57411.011820817,57411.011820817,49410.201627632,54153.655191753,149261235644.12186
2021-02-24,54099.980661749,54099.980661749,45256.179829757,48514.382154476,212151513117.8704
2021-02-25,48889.930494258,51223.540344033,47169.071104729,49577.667053636,174558097499.38934
2021-02-26,49668.13321001,51791.921327804,47264.216595606,47372.377990661,124602948614.8466
2021-02-27,46986.597533968,48380.671216384,44499.997793876,46205.257719958,136768565573.61696
2021-02-28,46266.026627925,48346.552952293,45136.062526661,46202.313746958,119956885361.7064
2021-03-01,46132.387057359,46540.991962894,43164.542809999,44986.744834586,94856286509.80986
2021-03-02,45109.070026715,49752.650170761,45015.584230531,49557.936855621,112766464735.36375
2021-03-03,49589.983816828,50179.372781384,47150.26015529,48245.59608153,111601588572.5958
2021-03-04,48466.456336849,52513.115293311,48144.564786964,50593.579779577,108365200914.1684
2021-03-05,50451.119242724,51738.864851054,47633.154237724,48523.779583539,119186130857.47658
2021-03-06,48450.016215223,49389.980902438,46414.588639148,48901.915683951,117859323450.23126
2021-03-07,48819.984558032,49081.953510424,47155.957542722,48884.800434591,97560333723.04031
2021-03-08,48872.693979548,51409.226747725,48872.693979548,51409.226747725,86479140578.54686
2021-03-09,50934.444601724,52326.862441311,49375.174275611,52326.862441311,101647849696.18729
2021-03-10,52265.016204683,54839.979170391,51976.019157041,54759.461685978,117158259798.89165
2021-03-11,54854.79160754,57286.432450221,53174.377203494,55998.739272912,120454358101.13034
2021-03-12,55865.299828819,58131.335829341,54483.025390398,57633.699811129,138622973047.75595
2021-03-13,57716.881672776,58031.000810363,55195.349719158,57278.155019056,132357056562.19308
2021-03-14,57250.137875209,61662.205960194,56089.273978716,61297.997385093,133874862330.59612
2021-03-15,61219.3484261,61617.996614711,59380.018943745,59380.018943745,122350418659.2234
2021-03-16,59150.403028178,60550.874707961,55338.280935723,55723.949158947,127943028372.5734
2021-03-17,55571.193837491,56788.88400522,53393.033648816,56455.998436302,129824122177.71211
2021-03-18,56857.306066143,58863.677485496,54376.494725263,58711.978740212,103479709533.5446
2021-03-19,58891.031996406,60024.601875333,57287.611931323,57687.520560171,113184110344.01256
2021-03-20,57666.273208078,59448.831135223,56348.064844074,58091.623667025,101631795534.46152
2021-03-21,58098.078393289,59869.85,58016.579631578,58219.82,87958442364.3281
2021-03-22,58057.69,58549.97,55928.752149681,57392.205695478,95572143441.6789
2021-03-23,57384.45757667,58200.01,53833.723780522,54249.990775698,92548643674.98071
2021-03-24,54185.29357863,55799.02,53213.99894907,54599.961810643,109449851792.81044
2021-03-25,54464.941296883,57028.63,52075.590680334,52584.785401622,99933043546.1793
2021-03-26,52382.797866628,53139.130244138,50572.98432636,51412.192011042,131460234153.92424
2021-03-27,51355.704557906,55002.769793935,51355.704557906,55002.769793935,108542946098.89214
2021-03-28,55008.056535533,56456.803917721,54033.568678451,55917.880112079,88506866566.9326
2021-03-29,55841.634784662,56489.17,54850.21,55861.95,82011404713.58173
2021-03-30,55748.632014917,58339.973951146,54994.35,57664.850966586,91499980031.03542
2021-03-31,57612.522985506,59311.038575993,57140.7,58693.948561784,98089413349.6299
2021-04-01,58763.827956315,59777.71,57447.36,58719.454369704,102853343111.27644
2021-04-02,58751.790587493,59319.270690471,58147.844868494,58755.615177915,115654009708.86974
2021-04-03,58727.648378485,60063.776357555,58529.498116334,58963.327596364,105128774133.54964
2021-04-04,58975.833538924,59690.998041732,57022.931472565,57139.137960369,91212846892.23167
2021-04-05,57092.446157657,58412.534020509,56589.619340368,58215.19,104713372859.30452
2021-04-06,58197.978729273,59134.63,56844.948892987,58777.739363776,97931171132.71126
2021-04-07,59096.001689842,59398.742893012,57599.943563651,58093.238332403,104554598225.67928
2021-04-08,57979.296824399,58627.112892427,55558.496987732,56073.471560786,109029801399.0376
2021-04-09,55872.863775655,58087.980725351,55819.741035944,58019.88,104686589216.23338
2021-04-10,58077.06,58841.41,57722.220559993,58159.44,77270327841.63026
2021-04-11,58135.35,61210.69,57951.923907836,59747.436800736,103026133874.74176
2021-04-12,59716.553420893,60590.055143333,59246.503904371,60018.28649422,97875436776.96034
2021-04-13,60007.793017067,61095.008730683,59586.154028218,59940.53,100979406140.75008
2021-04-14,59868.27,63720.71,59868.27,63528.48,158430038672.48877
2021-04-15,63545.12,64816.101873759,61529.32,62628.975942463,173884088327.92194
2021-04-16,62999.982633146,63628.83,62090.5,63183.14,169238154522.35883
2021-04-17,63207.09,63493.56,60153.645486345,61504.768623643,165610153604.99374
2021-04-18,61342.968880339,62420.539256881,59767.22,60078.27,159749829773.17035
2021-04-19,60028.39,60274.64,52569.439888707,56037.128717561,185812398998.3413
2021-04-20,56183.520461118,57424.305365971,54333.899600625,55653.244867317,139509205538.41348
2021-04-21,55653.851876131,56983.76,53488.26,56363.62,122923034039.2283
2021-04-22,56453.86,56715.885279141,53714.77,53889.33,114642171908.68784
2021-04-23,53868.59,55331.427986936,50591.899618194,51843.679797905,127377801203.73653
2021-04-24,51740.14985221,52049.554245881,47731.2,51020.041151817,172670297787.2005
2021-04-25,51084.098508532,51084.098508532,48769.318568821,50007.715949987,118673612341.0492
2021-04-26,50069.186874544,50471.37,47199.806670593,48987.681638512,73945549997.83684
2021-04-27,49045.573224645,54229.301378494,48817.993817532,53954.40656687,97639482840.27106
2021-04-28,53993.067739073,55392.545776256,53305.02,54924.014700428,88040474935.70862
2021-04-29,55007.123595303,56159.305244012,53877.6504657,54766.539300399,79980719164.69644
2021-04-30,54808.957932854,55158.002206348,52390.855946766,53610.429064522,78228039365.63628
2021-05-01,53548.82,57814.945103923,53099.4,57758.646931212,81510348962.76573
2021-05-02,57710.513314636,58433.61184289,57105.143681495,57793.518868245,84085140057.66035
2021-05-03,57794.46273326,57853.379957039,56149.038294697,56563.76,70170320535.81009
2021-05-04,56566.43,58895.89,56552.03,57211.408640625,79856745597.95123
2021-05-05,57160.54134024,57160.54134024,53300.384692082,53329.387643742,104329510588.68814
2021-05-06,53233.729539004,57850.88587032,53233.729539004,57338.36,104577993093.7576
2021-05-07,57424.97,58305.62093566,55400.036935351,56484.49,97608603995.23251
2021-05-08,56387.69,58550.191536919,55406.838866197,57339.55,96543881308.77055
2021-05-09,57336.81,59430.905838741,57008.19,58711.172030754,96516445928.84604
2021-05-10,58770.012956157,59112.958931223,56327.674648063,58169.727616902,102692816568.36444
2021-05-11,58215.443921265,59447.870498163,54598.965948744,55772.281248757,97599777790.61288
2021-05-12,55805.029620234,56828.855427671,54549.925400354,56721.833840935,109665832582.4177
2021-05-13,56677.851352432,57885.799310842,50482.434481737,50482.434481737,91534666588.09145
2021-05-14,49776.068016473,51298.13,47215.481324138,49655.621033883,147012793468.8513
2021-05-15,49702.013319476,51384.653805317,48900.166788605,49884.92,104643650677.32684
2021-05-16,49862.094791457,50567.657601214,46774.63,46786.61,80418871902.0039
2021-05-17,46770.57,49696.092539697,44041.162085149,46395.05,86152547557.68709
2021-05-18,46408.69,46408.69,42289.753922845,43590.922172391,113942304201.84547
2021-05-19,43532.313050801,45697.75,42370.444854229,43019.774295314,97378342014.94267
2021-05-20,42853.964570925,43499.889793297,31500.003377076,36974.614735375,145277986785.24896
2021-05-21,36860.232114838,42326.97,35183.744181639,40389.77810720434,189296826007.0065
2021-05-22,40480.23,42023.62,33610.37,37242.94270458837,111544715889.77776
2021-05-23,37222.41634232098,38706.64,35460.72261760194,37555.0,113989186247.11111
2021-05-24,37499.78,38198.16,31282.72036952493,34834.68224245205,86352787200.0
2021-05-25,34794.268327071324,39670.04,34500.65772778616,38619.39710028808,108924114127.66434
2021-05-26,38695.568599084174,39718.89322175043,36544.91425422477,38165.78817561584,87992997205.33333
2021-05-27,38318.94119977362,40709.5948084184,37953.434317840096,39184.76165413112,75075011441.77777
2021-05-28,39228.17715442078,40249.96678411985,37208.09,38479.69228455568,71587942584.88889
2021-05-29,38453.42612735857,38760.06115752112,34780.97,35670.7,70858555177.92334
2021-05-30,35664.87,37151.65761007564,33662.245364841816,34523.41,78991545500.44444
2021-05-31,34575.84,36310.19,33528.7,35618.15758307902,74745448304.78322
2021-06-01,35634.7,37491.61,34214.44834756519,37303.750088697365,84345634530.56445
2021-06-02,37271.48845183348,37790.2364314989,35743.88922233156,36606.39,67803254598.466896
2021-06-03,36679.41,38208.60716929174,36035.88,37622.43,65099865344.0
2021-06-04,37573.72,39429.13,37258.55,39152.71,58852534940.44444
2021-06-05,39192.46,39192.46,35779.58,36908.14,67365715555.55556
2021-06-06,36847.86,37883.494507432944,34920.83,35510.26,60989365546.66666
2021-06-07,35512.37,36395.119909170506,35300.45,35781.01,54522810549.372696
2021-06-08,35827.5,36782.91,33550.00408032163,33550.00408032163,51875832504.888885
2021-06-09,33566.18,33999.95541476688,31221.09,33369.1380606844,67316790680.16783
2021-06-10,33403.62668135009,37505.98586550245,32431.61,37345.044921562585,72582508401.77777
2021-06-11,37343.28596074506,38252.79,35840.02,36870.06,79255034405.46341
2021-06-12,36646.86,37565.99,36061.67,37200.35,65346487153.77778
2021-06-13,37328.2,37328.2,34749.956995269495,35538.3,63889684892.44444
2021-06-14,35506.77,39356.80281939799,34842.27,38990.0,57312107534.22222
2021-06-15,39106.54,40920.03,38785.32,40499.97,76608277489.77777
2021-06-16,40527.71,41267.29017451398,39656.74024513181,40204.51,72036187548.44444
2021-06-17,40160.01,40438.51172521411,38188.00621438215,38290.04331721751,64077215237.35191
2021-06-18,38340.491312015176,39522.52,37537.71,38082.08,69040871645.21254
2021-06-19,38026.05,38128.36,35220.87737784982,35577.47,61575865500.44444
2021-06-20,35727.16,36292.91,34857.74,35635.38,62826737678.22222
2021-06-21,35548.68,35906.57,33457.077021727666,35648.517163470904,55193357752.888885
2021-06-22,35677.32936814285,35677.32936814285,31297.75,31606.39,78609740781.77936
2021-06-23,31694.01,33282.26977572051,28899.97,32366.97,97091051263.10802
2021-06-24,32470.84,34720.77,31769.26,33646.15,96666188116.1272
2021-06-25,33612.34,35176.73449996341,32324.01,34580.351177004355,60517323379.73946
2021-06-26,34662.83097443469,35441.65067422763,31355.44,31708.50892795173,60748465087.552444
2021-06-27,31664.78879176883,32618.305142274185,30193.54341627195,31858.58,68428884822.56115
2021-06-28,32274.97,34579.03,32102.58,34579.03,60510865624.33803
2021-06-29,34622.0,35103.5689027737,33989.95,34439.12,56438771250.47888
2021-06-30,34472.11,36469.99821320573,34266.76,35840.386468477736,58783976277.333336
2021-07-01,35857.88199958372,36081.62982893417,34140.02,35060.428966375206,57470426222.60627
2021-07-02,35019.704840893464,35019.704840893464,32869.753475597005,33628.67,55957183184.72474
2021-07-03,33504.93,33861.64,32781.64959335166,33846.0070871488,53898509084.44444
2021-07-04,33803.88375786083,34884.82,33402.3,34698.303128850115,40253461668.6993
2021-07-05,34674.43978745392,35920.38,34400.028673034234,35312.38754419704,38805155754.66666
2021-07-06,35308.197876200415,35308.197876200415,33125.6,33866.5447497376,50617003704.888885
2021-07-07,33691.165289937635,35046.03,33648.66117575969,34106.80638064917,61017993116.44444
2021-07-08,34220.71216933979,34955.62,33861.407403545745,33867.4651242288,57955368704.0
2021-07-09,33868.6928871052,33868.6928871052,32094.25,32837.96027303372,66246736881.77778
2021-07-10,32896.810313652815,34037.427728945564,32321.36,33866.19638187796,76918683136.0
2021-07-11,33813.49466999722,34215.51588030548,33139.69,33548.81732712989,66022713756.44444
2021-07-12,33511.516538868185,34534.33,33324.92,34249.77403858005,55801800860.98955
2021-07-13,34224.74265607296,34561.15,32707.30430790753,33219.35200045253,59765045361.77778
2021-07-14,33149.98568281925,33285.78218348404,32272.67,32567.5725146342,54416065045.333336
2021-07-15,32716.294205447684,33046.03,31717.78,32776.13963032397,47348114517.333336
2021-07-16,32824.58580697245,33141.4,31206.51,31641.44704569291,55759464576.0
2021-07-17,31750.78,32181.79523298679,31110.21246522186,31385.55,54022773717.333336
2021-07-18,31382.29,31887.17,31207.82,31570.17,39981969159.11112
2021-07-19,31513.0,32372.27,31309.97,31813.0,35431331811.55556
2021-07-20,31771.72,31882.70299300493,30553.73,30851.95,36608378154.66666
2021-07-21,30813.64,30944.29,29354.71,29759.93,47087937607.11112
2021-07-22,29801.49,32766.056556760603,29541.54,32142.94,50268395206.020905
2021-07-23,32129.59,32489.11,31734.31,32338.55,54591578894.22222
2021-07-24,32293.94,33506.09381526193,32075.86308172612,33506.09381526193,43696585344.0
2021-07-25,33577.412875668226,34484.24,33432.42030910474,34211.77,48296097848.888885
2021-07-26,34245.83566585404,35244.4,33899.69546825606,35227.35,40433578091.03833
2021-07-27,35340.07,40497.987881956826,35321.9,37211.42,84057801560.30663
2021-07-28,37292.76,39204.3,36462.03,39184.61,88056814919.11111
2021-07-29,39454.99,40816.35,38937.84,39999.97,86298185116.44444
2021-07-30,40016.36,40542.05,39339.65928172077,39993.53,71065073251.55556
2021-07-31,39990.47,42094.78,38371.28193158816,42094.78,58156415288.888885
2021-08-01,42278.66,42278.66,41142.88,41700.996741679664,73216348003.55556
2021-08-02,41582.55975573064,42475.97428551915,39657.24642908222,40120.70071620807,58507194382.22222
2021-08-03,39918.956774115344,40368.21,38759.76,39153.01029453657,66317530652.44444
2021-08-04,39178.21564058625,39651.208089723885,37817.15,38255.05,58660971022.22222
2021-08-05,38200.89,39940.046053650265,37616.06,39772.47169848371,55749176732.44444
2021-08-06,39740.02633556848,41286.96,37462.49609672439,40849.95098301631,59042920661.333336
2021-08-07,40863.395308199055,42997.39,39960.03693014494,42792.78790278553,70411983530.66667
2021-08-08,42775.45632742099,44665.77153480004,42690.12645090558,44665.77153480004,74440143148.75525
2021-08-09,44598.25,45262.10928386794,43332.65926046612,43780.238803238186,75737447466.66667
2021-08-10,43793.24565396788,46433.78513251518,42875.91536457145,46265.47427585355,74184672056.88889
2021-08-11,46306.06842726559,46510.71610335903,44647.9385,45543.91666426932,72283654172.44444
2021-08-12,45587.99083134722,46698.7934,45384.81716819167,45670.172,65924957909.333336
2021-08-13,45554.7756,46204.28380663769,43889.5745,44434.3365,80625549752.88889
2021-08-14,44399.9813,47799.9721162026,44259.2683,47799.9721162026,66684585358.22222
2021-08-15,47794.48831430701,48083.78692929995,46151.3639764997,47053.5097,63747047793.77778
2021-08-16,47056.9824,47320.043,45608.9681,47057.4919,60388411064.888885
2021-08-17,47056.2741,47968.2045,45669.48158944567,45906.7425,66521713774.60627
2021-08-18,45942.6024,47029.59826076956,44569.5598,44569.5598,76216552899.13287
2021-08-19,44681.517,45892.6758,44342.7328,44856.0324,74813786339.55556
2021-08-20,44752.5042,46907.19985180653,43977.69169510481,46666.8683,57015323932.44444
2021-08-21,46753.2071,49290.63142292472,46669.4994,49270.61314785449,64823787278.22222
2021-08-22,49307.45728783004,49685.0916,48344.5907,49000.4242,66932790903.52613
2021-08-23,48845.54568147114,49451.46797148415,48231.35190956754,49223.9471176446,54305803374.60627
2021-08-24,49279.95149462958,50444.79608877101,49095.00496472142,49486.4032,63427233891.55556
2021-08-25,49540.1129,49828.03845186318,47734.0314,47734.0314,65083046847.552444
2021-08-26,47680.9414,49158.38949410668,47167.0213,48939.9658,60151994652.44444
2021-08-27,48987.1091,49327.9881,46471.708,47130.6185,63803503262.77352
2021-08-28,46838.8608,49075.8157,46359.9806,49005.9495,57376285724.44444
2021-08-29,49042.1753,49255.7015,48483.4611,48864.0249,53492946569.01408
2021-08-30,48879.928,49549.8061,48002.0103,48876.7643,48229478485.63066
2021-08-31,48763.4158,48822.33168422843,46972.978,47020.6765,48179454137.533104
2021-09-01,46973.534,48071.288861060406,46721.1751,47225.2696,56943712625.77778
2021-09-02,47131.564,48930.0114,46549.0158,48744.6322,60738599082.66666
2021-09-03,48829.9747,50315.56810299959,48713.4627,49318.558,68777141351.47038
2021-09-04,49289.8967,50999.9809,48483.7843,49987.63656811707,75273290555.76306
2021-09-05,50001.53053773124,50525.7903,49515.9757,49974.09727500616,66721901411.55556
2021-09-06,49914.7482695526,51832.9458,49488.1832,51698.7267,53857252209.77778
2021-09-07,51747.2295,52707.1749,50987.3603,52639.2443,59320284405.1831
2021-09-08,52668.6218,52871.6858,43753.2266,46881.9971,82249292259.55556
2021-09-09,46778.3093,47282.8692,44516.4766,45972.9463,106991221447.11111
2021-09-10,46051.3805,47214.44557637082,45638.965161045024,46319.9526,67899230933.333336
2021-09-11,46376.4646,47022.950323068086,44238.2997,44833.0831,55572355650.006966
2021-09-12,44852.1612,45910.01636659036,44808.3803,45096.0509,55353657422.49477
2021-09-13,45136.6393,46381.79224994456,44759.75497477412,46058.0015,48187149198.22222
2021-09-14,46057.4156,46249.98932231482,43389.23248465574,44990.02141158837,65135996771.55556
2021-09-15,44932.42345725818,47173.6667,44836.9850911291,47012.9104,77498384326.91289
2021-09-16,47068.4868,48406.6771,46779.27564701221,48092.9703,68721306040.88889
2021-09-17,48150.0101,48445.8989,47028.2465,47816.2504,59031345166.22222
2021-09-18,47762.1245,48128.16428583941,46871.8919,47197.5518,53341337585.77778
2021-09-19,47281.1175,48748.5343,47095.6628,48210.7774,52242868759.19164
2021-09-20,48310.0679,48349.9686,46969.9883,47201.5018,51351781646.22222
2021-09-21,47236.5087,47236.5087,42569.40613660758,42966.0101,72526282808.88889
2021-09-22,42832.2783,43525.1413,39870.47917463654,40538.4344,85540318435.55556
2021-09-23,40718.9889,43928.4276,40718.9889,43579.97297674777,101514436494.22224
2021-09-24,43536.03810136663,44908.0991,43121.9541,44844.228,67141167914.66666
2021-09-25,44863.4232,45032.8886,40926.9377,42748.0353,68753344062.43903
2021-09-26,42803.6421,42964.07263816654,41707.48748483822,42718.93784111034,66894799872.0
2021-09-27,42670.363350986,43740.0173,40775.9248,43209.8655,46581943142.18026
2021-09-28,43204.9623,44237.908838291645,42262.0159,42278.30996239119,51031440797.95744
2021-09-29,42111.843282596186,42732.0151,40909.3105,40909.3105,51750097181.0696
2021-09-30,41004.5985,42564.9902,40902.2538,41543.6399,50405842857.76842
2021-10-01,41536.5941,44032.2945,41466.71241638355,43797.59220008473,54175087118.22222
2021-10-02,43767.70376956216,48388.03601549551,43346.020431900426,48080.37283833829,63060539363.55556
2021-10-03,48147.56862983762,48247.9417,47467.838800034144,47710.5155,60614023324.44444
2021-10-04,47674.371041951264,49163.399147836935,47217.72131584826,48144.1454,47566767232.0
2021-10-05,48186.6468,49425.78169188632,47004.98982247337,49176.7613,60738746936.888885
2021-10-06,49273.7109,51785.31599248661,49066.91559562994,51545.04936807646,68596958151.11112
2021-10-07,51500.05703123766,55556.80394454456,50416.72832611669,55385.44519072514,77199761550.22223
2021-10-08,55315.91067459052,55315.91067459052,53519.69322587221,53809.13817103468,88802412237.1568
2021-10-09,53781.69777700771,55945.81378600629,53695.4158,53892.9323,83169587982.22223
2021-10-10,53962.199,55386.05414572558,53800.0415,55102.17221375232,77278436707.55556
2021-10-11,54926.17141243465,56211.9658,54267.53883894168,54689.5713,85188122481.77777
2021-10-12,54695.9213,57736.51717173116,54559.1573,57399.22646992879,101108074300.60776
2021-10-13,57399.22646992879,57556.70059541713,54375.79372451293,56035.85825462517,106240113166.62856
2021-10-14,56030.57101118398,57686.24038342665,54357.84561609443,57357.6067,87099681979.49295
2021-10-15,57385.8884,58392.5231,56931.28418447166,57351.7384160736,74616135622.106
2021-10-16,57312.383791730215,62563.01739416664,56896.811944093984,61526.33413298988,86118647815.1359
2021-10-17,61698.03021926293,62339.3663,60217.2594449329,60860.89183706596,120671026625.1228
2021-10-18,60867.89483798279,61582.25155249131,59381.23162795885,61582.25155249131,99027803955.2
2021-10-19,61543.26469764322,62548.00970571279,60293.98,61953.2331,98838596113.9021
2021-10-20,62020.0126,64428.9705,61735.8207,64217.0839,85006746873.66785
2021-10-21,64252.7263,66931.09229192653,63641.1954,65986.30293718613,97986327751.11111
2021-10-22,65961.04976056097,66605.56915710909,62072.18130090652,62298.093007718286,114587804017.77776
2021-10-23,62196.96438572152,63656.365580547885,60156.94243643504,60694.00000650834,105551377578.66669
2021-10-24,60690.28731420007,61723.89096650808,60130.010341058136,61238.6222,99046595242.66669
2021-10-25,61330.0096,61410.0176,59653.1376945732,60849.61639879063,78674725788.44444
2021-10-26,60883.77302258394,63682.7975,60714.96209182918,62989.54469958203,124336882773.33331
2021-10-27,63072.745334829735,63270.58883383054,60055.9485,60396.4959,85019446769.77777
2021-10-28,60332.0231,61445.13251579432,58299.98097610285,58681.0152,84438787370.66667
2021-10-29,58437.9831,61940.1053,58239.8096,60438.74647138581,99674333809.77776
2021-10-30,60599.65957349495,62945.44056558977,60340.723739313726,62220.293663782926,86787949710.22223
2021-10-31,62225.01294938173,62225.01294938173,60859.72022685099,61661.28735236688,82731468344.88889
2021-11-01,61855.94185870527,62379.077,60134.76189365619,61339.97564069321,74910356821.33333
2021-11-02,61290.081559988255,62368.25764054866,59674.61041196477,61065.0310670206,76192515527.11111
2021-11-03,60939.35965542524,64070.55688505595,60681.6216359717,63175.512385758026,74053887693.1568
2021-11-04,63167.43464969524,63445.54734337445,61652.60250796381,62941.48199104164,78078281728.0
2021-11-05,62906.69418184757,63048.313016176886,60739.96193323109,61367.933830973,91063906304.0
2021-11-06,61419.269642668994,62479.96391886812,60770.0089,61026.01799193046,78060530858.66667
2021-11-07,60958.6657416197,61525.44862120709,60082.7512,61416.30848197429,67753831523.55556
2021-11-08,61454.05234081732,63180.13308079259,61333.07987819493,63180.13308079259,51662948792.888885
2021-11-09,63278.23163966085,67669.9704,63278.23163966085,67500.0247355689,74247256679.83217
2021-11-10,67510.91942359522,68476.42017626218,66358.9336,66913.3364,87830965772.48781
2021-11-11,66929.4511216068,68769.95536854053,63347.5012,64871.25216133435,82515809848.88889
2021-11-12,64933.599774562026,65579.54906232544,64198.97340220052,64800.36101601352,100838867968.0
2021-11-13,64774.2645010658,65379.9618,62434.00795821887,64315.36363608923,71878085660.44444
2021-11-14,64173.738741554094,64849.96493727608,63412.85980752298,64471.04361778848,65339468068.57143
2021-11-15,64385.1823,65255.04686152799,63622.5547,65255.04686152799,59249840056.64111
2021-11-16,65499.742006672335,66263.20558395793,63539.59326805828,63715.76977568518,92914188431.21678
2021-11-17,63609.9984,63609.9984,58904.4092,60189.9985,103183520369.77776
2021-11-18,60110.70413490989,60733.9861,58758.3434,60338.9249,96569006904.88889
2021-11-19,60347.5863,60862.7211,56542.1638,56749.2716,86652421148.44444
2021-11-20,56959.90006641718,58289.3682,55653.0576,58046.889146434674,98574108785.77776
2021-11-21,58068.74519656945,59815.37361026729,57486.3794,59815.37361026729,61671238556.44444
2021-11-22,59669.73597624479,59845.0003351791,58544.94992558603,58681.09230984937,54396801621.333336
2021-11-23,58711.913369104186,59060.9948,55688.9573,56369.5245,64891116995.13287
2021-11-24,56257.89895787447,57831.81669667565,55778.0377576763,57672.52894264075,80273621447.11111
2021-11-25,57531.14976857376,57693.8412,55970.38654281419,57103.4606,92075052088.88889
2021-11-26,57193.1442,59332.884,57011.14864912526,58907.050757878096,85144802119.11111
2021-11-27,58913.59806474905,59120.010546789614,53660.19376229783,53663.60159320845,90868399886.22224
2021-11-28,53559.31317828634,55203.72320040463,53559.31317828634,54487.450221164974,85681165966.22223
2021-11-29,54819.26739183301,57315.01653596297,53629.7311,57158.66834037815,72397988451.55556
2021-11-30,57213.04314393833,58774.7867,56795.1008,57876.49423835674,104328491548.44444
2021-12-01,57767.63040979108,58994.785,56059.045,57030.12565284342,111719410744.88889
2021-12-02,56970.00719815786,58958.8099,56546.995566990525,57173.0795,127630261276.44444
2021-12-03,57190.9823,57347.72285172319,55902.37062622721,56405.66892064036,133521653731.55556
2021-12-04,56489.30065875455,57369.39984581016,52673.8928848244,53708.6772,114935573504.0
2021-12-05,53548.269,53793.5408,44648.3469,49014.11287550163,166195006606.22223
2021-12-06,49220.04600059723,49633.87158167943,47780.4392,49217.9124,136894367744.0
2021-12-07,49368.4935,50868.2329101133,47227.30325821477,50453.04698120852,165375344014.22223
2021-12-08,50520.54442016945,51898.3728,50164.918394520326,50559.947613629454,150922018929.77777
2021-12-09,50588.98583496979,51040.02507143525,48716.6321,50471.21695775764,128105784092.44444
2021-12-10,50460.03847818191,50743.73753230262,47382.0995,47834.99429351777,135905608860.44444
2021-12-11,47639.0447447972,49937.6627764127,47092.3307,47092.3307,98359015374.04878
2021-12-12,47130.0125,49450.048176923,46987.9646,49286.3666307345,63290674631.11112
2021-12-13,49286.48758759578,50649.516258579046,48722.10314032189,50116.99176196779,46747982705.77778
2021-12-14,50071.27790345943,50165.28865656697,45948.4917,46745.6254,54139662683.36396
2021-12-15,46727.9998,48557.38323945045,46390.6713,48395.29567064738,67494313141.96516
2021-12-16,48356.78932068627,49462.2245210422,46663.5122,48787.2417,61369380949.333336
2021-12-17,48858.9746,49286.25027501853,47550.3447,47709.1644,70100915925.33333
2021-12-18,47646.9818,47963.7901,45732.72929005191,46305.32715138494,57135221176.888885
2021-12-19,46163.40330431097,47244.37901098458,45609.08243460973,46871.01844345239,58797940995.60564
2021-12-20,46778.23820480175,47999.99978779965,46455.29838513008,46686.4963,44667184937.17483
2021-12-21,46706.435661563206,47307.35553006055,45617.23022554078,46878.42809013247,51058403683.55556
2021-12-22,46911.81315992155,49263.33218287721,46656.15834010291,48938.9095,62230469987.55556
2021-12-23,48903.6213,49527.31385732582,48452.858481111456,48648.506046031885,52735526286.22222
2021-12-24,48593.0256,51342.02275797173,48084.81645245799,50795.70373249395,48359492622.22222
2021-12-25,50795.5980597068,51749.99795566682,50463.75057286352,50771.9277,54528629745.77778
2021-12-26,50768.743,51098.0328,50260.1839,50629.9812440385,42058927196.44444
2021-12-27,50390.389286298894,51209.46271806946,49545.5320971557,50799.97886066186,42671826325.333336
2021-12-28,50787.26383023923,51950.9126,50459.26364081736,50650.17144492962,46958435299.55556
2021-12-29,50667.9883379262,50667.9883379262,47411.71723711724,47637.8884,59398212508.44444
2021-12-30,47547.8655,48112.02147184699,46272.66298055319,46408.30267099845,88269733930.66667
2021-12-31,46430.48122440896,47876.49183896358,46077.72227603683,47161.0092,122924810126.22224
2022-01-01,47139.359,48505.9997,45712.56659229362,46304.9495942002,78100267491.55556
